PartNumber,SMARTBORDER SKU,ACEDescription,Quantity,QuantityUOM,UnitPrice,GrossWeightKG,NumberOfPackages,PackageUOM,CountryOrigin,SPI,ProductClaimCode,Description,ValueOfGoods,LineMfgCustNo,LineMfgName,LineMfgID,LineMfgAddress1,LineMfgAddress2,LineMfgCity,LineMfgState,LineMfgCountry,LineMfgPostalCode,LineBuyerCustNo,LineBuyerName,LineBuyerUSTaxID,LineBuyerAddress1,LineBuyerAddress2,LineBuyerCity,LineBuyerState,LineBuyerCountry,LineBuyerPostalCode,LineConsigneeCustNo,LineConsigneeName,LineConsigneeUSTaxID,LineConsigneeAddress1,LineConsigneeAddress2,LineConsigneeCity,LineConsigneeState,LineConsigneeCountry,LineConsigneePostalCode,Tariff1Number,Tariff1ProductValue,Tariff1Quantity1,Tariff1Quantity1UOM,Tariff1Quantity2,Tariff1Quantity2UOM,Tariff1Quantity3,Tariff1Quantity3UOM,Tariff2Number,Tariff2ProductValue,Tariff2Quantity1,Tariff2Quantity1UOM,Tariff2Quantity2,Tariff2Quantity2UOM,Tariff2Quantity3,Tariff2Quantity3UOM,Tariff3Number,Tariff3ProductValue,Tariff3Quantity1,Tariff3Quantity1UOM,Tariff3Quantity2,Tariff3Quantity2UOM,Tariff3Quantity3,Tariff3Quantity3UOM,Tariff4Number,Tariff4ProductValue,Tariff4Quantity1,Tariff4Quantity1UOM,Tariff4Quantity2,Tariff4Quantity2UOM,Tariff4Quantity3,Tariff4Quantity3UOM,Tariff5Number,Tariff5ProductValue,Tariff5Quantity1,Tariff5Quantity1UOM,Tariff5Quantity2,Tariff5Quantity2UOM,Tariff5Quantity3,Tariff5Quantity3UOM,Tariff6Number,Tariff6ProductValue,Tariff6Quantity1,Tariff6Quantity1UOM,Tariff6Quantity2,Tariff6Quantity2UOM,Tariff6Quantity3,Tariff6Quantity3UOM
10037,10037,Coffee 10oz (284g) Ground 454 Horse Power Cafe Moulu,,PCS,11.99,,,,XC,S,,COFFEE 10 OZ GROUND 454 HORSE POWER BAG,,,Kicking Horse Coffee,XCKICHOR491INV,491 Arrow Rd,,Invermere,BC,CA,V0A 1K2,,IMS OF WESTERN NY,16-131314301,2540 WALDEN AVE,SUITE 450,BUFFALO,NY,US,14225,,IMS OF WESTERN NY,16-131314301,2540 WALDEN AVE,SUITE 450,BUFFALO,NY,US,14225,0901.21.0035,,1,KG,,,,,,,,,,,,,,,,,,,,,,,,,,,,,,,,,,,,,,,,,,,,
10038,10038,Coffee 10oz (284g) Ground Grizzly Claw Cafe Moulu,,PCS,11.99,,,,XC,S,,COFFEE 10 OZ GROUND GRIZZLY CLAW BAG,,,Kicking Horse Coffee,XCKICHOR491INV,491 Arrow Rd,,Invermere,BC,CA,V0A 1K2,,IMS OF WESTERN NY,16-131314301,2540 WALDEN AVE,SUITE 450,BUFFALO,NY,US,14225,,IMS OF WESTERN NY,16-131314301,2540 WALDEN AVE,SUITE 450,BUFFALO,NY,US,14225,0901.21.0035,,1,KG,,,,,,,,,,,,,,,,,,,,,,,,,,,,,,,,,,,,,,,,,,,,
10039,10039,Coffee 10oz (284g) Ground Hola Cafe Moulu,,PCS,11.99,,,,XC,S,,COFFEE 10 OZ GROUND HOLA BAG,,,Kicking Horse Coffee,XCKICHOR491INV,491 Arrow Rd,,Invermere,BC,CA,V0A 1K2,,IMS OF WESTERN NY,16-131314301,2540 WALDEN AVE,SUITE 450,BUFFALO,NY,US,14225,,IMS OF WESTERN NY,16-131314301,2540 WALDEN AVE,SUITE 450,BUFFALO,NY,US,14225,0901.21.0035,,1,KG,,,,,,,,,,,,,,,,,,,,,,,,,,,,,,,,,,,,,,,,,,,,
10040,10040,Coffee 10oz (284g) Ground Kick Ass Cafe Moulu,,PCS,11.99,,,,XC,S,,COFFEE 10 OZ GROUND KICK ASS BAG,,,Kicking Horse Coffee,XCKICHOR491INV,491 Arrow Rd,,Invermere,BC,CA,V0A 1K2,,IMS OF WESTERN NY,16-131314301,2540 WALDEN AVE,SUITE 450,BUFFALO,NY,US,14225,,IMS OF WESTERN NY,16-131314301,2540 WALDEN AVE,SUITE 450,BUFFALO,NY,US,14225,0901.21.0035,,1,KG,,,,,,,,,,,,,,,,,,,,,,,,,,,,,,,,,,,,,,,,,,,,
10041,10041,Coffee 10oz (284g) Ground Smart Ass Cafe Moulu,,PCS,11.99,,,,XC,S,,COFFEE 10 OZ GROUND SMART ASS BAG,,,Kicking Horse Coffee,XCKICHOR491INV,491 Arrow Rd,,Invermere,BC,CA,V0A 1K2,,IMS OF WESTERN NY,16-131314301,2540 WALDEN AVE,SUITE 450,BUFFALO,NY,US,14225,,IMS OF WESTERN NY,16-131314301,2540 WALDEN AVE,SUITE 450,BUFFALO,NY,US,14225,0901.21.0035,,1,KG,,,,,,,,,,,,,,,,,,,,,,,,,,,,,,,,,,,,,,,,,,,,
10042,10042,Coffee 10oz (284g) Ground Three Sisters Cafe Moulu,,PCS,11.99,,,,XC,S,,COFFEE 10 OZ GROUND THREE SISTERS BAG,,,Kicking Horse Coffee,XCKICHOR491INV,491 Arrow Rd,,Invermere,BC,CA,V0A 1K2,,IMS OF WESTERN NY,16-131314301,2540 WALDEN AVE,SUITE 450,BUFFALO,NY,US,14225,,IMS OF WESTERN NY,16-131314301,2540 WALDEN AVE,SUITE 450,BUFFALO,NY,US,14225,0901.21.0035,,1,KG,,,,,,,,,,,,,,,,,,,,,,,,,,,,,,,,,,,,,,,,,,,,
10043,10043,Coffee 10oz (284g) Whole Bean 454 Horse Power Bag,,PCS,11.99,,,,XC,S,,COFFEE 10 OZ WHOLE BEAN 454 HORSE POWER BAG,,,Kicking Horse Coffee,XCKICHOR491INV,491 Arrow Rd,,Invermere,BC,CA,V0A 1K2,,IMS OF WESTERN NY,16-131314301,2540 WALDEN AVE,SUITE 450,BUFFALO,NY,US,14225,,IMS OF WESTERN NY,16-131314301,2540 WALDEN AVE,SUITE 450,BUFFALO,NY,US,14225,0901.21.0035,,1,KG,,,,,,,,,,,,,,,,,,,,,,,,,,,,,,,,,,,,,,,,,,,,
10044,10044,Coffee 10oz (284g) Whole Bean Decaf Bag,,PCS,12.99,,,,XC,S,,COFFEE 10 OZ WHOLE BEAN DECAF BAG,,,Kicking Horse Coffee,XCKICHOR491INV,491 Arrow Rd,,Invermere,BC,CA,V0A 1K2,,IMS OF WESTERN NY,16-131314301,2540 WALDEN AVE,SUITE 450,BUFFALO,NY,US,14225,,IMS OF WESTERN NY,16-131314301,2540 WALDEN AVE,SUITE 450,BUFFALO,NY,US,14225,0901.22.0035,,1,KG,,,,,,,,,,,,,,,,,,,,,,,,,,,,,,,,,,,,,,,,,,,,
10045,10045,Coffee 10oz (284g) Whole Bean Grizzly Claw Bag,,PCS,11.99,,,,XC,S,,COFFEE 10 OZ WHOLE BEAN GRIZZLE CLAW BAG,,,Kicking Horse Coffee,XCKICHOR491INV,491 Arrow Rd,,Invermere,BC,CA,V0A 1K2,,IMS OF WESTERN NY,16-131314301,2540 WALDEN AVE,SUITE 450,BUFFALO,NY,US,14225,,IMS OF WESTERN NY,16-131314301,2540 WALDEN AVE,SUITE 450,BUFFALO,NY,US,14225,0901.21.0035,,1,KG,,,,,,,,,,,,,,,,,,,,,,,,,,,,,,,,,,,,,,,,,,,,
10046,10046,Coffee 10oz (284g) Whole Bean Kick Ass Bag,,PCS,11.99,,,,XC,S,,COFFEE 10 OZ WHOLE BEAN KICK ASS BAG,,,Kicking Horse Coffee,XCKICHOR491INV,491 Arrow Rd,,Invermere,BC,CA,V0A 1K2,,IMS OF WESTERN NY,16-131314301,2540 WALDEN AVE,SUITE 450,BUFFALO,NY,US,14225,,IMS OF WESTERN NY,16-131314301,2540 WALDEN AVE,SUITE 450,BUFFALO,NY,US,14225,0901.21.0035,,1,KG,,,,,,,,,,,,,,,,,,,,,,,,,,,,,,,,,,,,,,,,,,,,
10047,10047,Coffee 10oz (284g) Whole Bean Smart Ass Bag,,PCS,11.99,,,,XC,S,,COFFEE 10 OZ WHOLE BEAN SMART ASS BAG,,,Kicking Horse Coffee,XCKICHOR491INV,491 Arrow Rd,,Invermere,BC,CA,V0A 1K2,,IMS OF WESTERN NY,16-131314301,2540 WALDEN AVE,SUITE 450,BUFFALO,NY,US,14225,,IMS OF WESTERN NY,16-131314301,2540 WALDEN AVE,SUITE 450,BUFFALO,NY,US,14225,0901.21.0035,,1,KG,,,,,,,,,,,,,,,,,,,,,,,,,,,,,,,,,,,,,,,,,,,,
10048,10048,Coffee 10oz (284g) Whole Bean Three Sisters Bag,,PCS,11.99,,,,XC,S,,COFFEE 10 OZ WHOLE BEAN THREE SISTERS BAG,,,Kicking Horse Coffee,XCKICHOR491INV,491 Arrow Rd,,Invermere,BC,CA,V0A 1K2,,IMS OF WESTERN NY,16-131314301,2540 WALDEN AVE,SUITE 450,BUFFALO,NY,US,14225,,IMS OF WESTERN NY,16-131314301,2540 WALDEN AVE,SUITE 450,BUFFALO,NY,US,14225,0901.21.0035,,1,KG,,,,,,,,,,,,,,,,,,,,,,,,,,,,,,,,,,,,,,,,,,,,
10054,10054,Coffee 1kg (2.2lb) Whole Bean 454 Horse Power Cafe En Grains,,PCS,29.99,,,,XC,S,,COFFEE 1 KG WHOLE BEAN 454 HORSE POWER BAG,,,Kicking Horse Coffee,XCKICHOR491INV,491 Arrow Rd,,Invermere,BC,CA,V0A 1K2,,IMS OF WESTERN NY,16-131314301,2540 WALDEN AVE,SUITE 450,BUFFALO,NY,US,14225,,IMS OF WESTERN NY,16-131314301,2540 WALDEN AVE,SUITE 450,BUFFALO,NY,US,14225,0901.21.0035,,1,KG,,,,,,,,,,,,,,,,,,,,,,,,,,,,,,,,,,,,,,,,,,,,
10055,10055,Coffee 1kg (2.2lb) Whole Bean Cliff Hanger Espresso Cafe En Grains,,PCS,29.99,,,,XC,S,,COFFEE 1 KG WHOLE BEAN CLIFF HANGER ESPRESSO BAG,,,Kicking Horse Coffee,XCKICHOR491INV,491 Arrow Rd,,Invermere,BC,CA,V0A 1K2,,IMS OF WESTERN NY,16-131314301,2540 WALDEN AVE,SUITE 450,BUFFALO,NY,US,14225,,IMS OF WESTERN NY,16-131314301,2540 WALDEN AVE,SUITE 450,BUFFALO,NY,US,14225,0901.21.0035,,1,KG,,,,,,,,,,,,,,,,,,,,,,,,,,,,,,,,,,,,,,,,,,,,
10056,10056,Coffee 1kg (2.2lb) Whole Bean Decaf Cafe En Grains,,PCS,32.99,,,,XC,S,,COFFEE 1 KG WHOLE BEAN DECAF BAG,,,Kicking Horse Coffee,XCKICHOR491INV,491 Arrow Rd,,Invermere,BC,CA,V0A 1K2,,IMS OF WESTERN NY,16-131314301,2540 WALDEN AVE,SUITE 450,BUFFALO,NY,US,14225,,IMS OF WESTERN NY,16-131314301,2540 WALDEN AVE,SUITE 450,BUFFALO,NY,US,14225,0901.22.0035,,1,KG,,,,,,,,,,,,,,,,,,,,,,,,,,,,,,,,,,,,,,,,,,,,
10057,10057,Coffee 1kg (2.2lb) Whole Bean Grizzly Claw Cafe En Grains,,PCS,29.99,,,,XC,S,,COFFEE 1 KG WHOLE BEAN GRIZZLY CLAW BAG,,,Kicking Horse Coffee,XCKICHOR491INV,491 Arrow Rd,,Invermere,BC,CA,V0A 1K2,,IMS OF WESTERN NY,16-131314301,2540 WALDEN AVE,SUITE 450,BUFFALO,NY,US,14225,,IMS OF WESTERN NY,16-131314301,2540 WALDEN AVE,SUITE 450,BUFFALO,NY,US,14225,0901.21.0035,,1,KG,,,,,,,,,,,,,,,,,,,,,,,,,,,,,,,,,,,,,,,,,,,,
10059,10059,Coffee 1kg (2.2lb) Whole Bean Kick Ass Cafe En Grains,,PCS,29.99,,,,XC,S,,COFFEE 1 KG WHOLE BEAN KICK AS BAG,,,Kicking Horse Coffee,XCKICHOR491INV,491 Arrow Rd,,Invermere,BC,CA,V0A 1K2,,IMS OF WESTERN NY,16-131314301,2540 WALDEN AVE,SUITE 450,BUFFALO,NY,US,14225,,IMS OF WESTERN NY,16-131314301,2540 WALDEN AVE,SUITE 450,BUFFALO,NY,US,14225,0901.21.0035,,1,KG,,,,,,,,,,,,,,,,,,,,,,,,,,,,,,,,,,,,,,,,,,,,
10060,10060,Coffee 1kg (2.2lb) Whole Bean Smart Ass Cafe En Grains,,PCS,29.99,,,,XC,S,,COFFEE 1 KG WHOLE BEAN SMART ASS BAG,,,Kicking Horse Coffee,XCKICHOR491INV,491 Arrow Rd,,Invermere,BC,CA,V0A 1K2,,IMS OF WESTERN NY,16-131314301,2540 WALDEN AVE,SUITE 450,BUFFALO,NY,US,14225,,IMS OF WESTERN NY,16-131314301,2540 WALDEN AVE,SUITE 450,BUFFALO,NY,US,14225,0901.21.0035,,1,KG,,,,,,,,,,,,,,,,,,,,,,,,,,,,,,,,,,,,,,,,,,,,
10061,10061,Coffee 1kg (2.2lb) Whole Bean Three Sisters Cafe En Grains,,PCS,29.99,,,,XC,S,,COFFEE 1 KG WHOLE BEAN THREE SISTERS BAG,,,Kicking Horse Coffee,XCKICHOR491INV,491 Arrow Rd,,Invermere,BC,CA,V0A 1K2,,IMS OF WESTERN NY,16-131314301,2540 WALDEN AVE,SUITE 450,BUFFALO,NY,US,14225,,IMS OF WESTERN NY,16-131314301,2540 WALDEN AVE,SUITE 450,BUFFALO,NY,US,14225,0901.21.0035,,1,KG,,,,,,,,,,,,,,,,,,,,,,,,,,,,,,,,,,,,,,,,,,,,
10249,10249," Hat, Black, Retro Trucker - Trucker Jim Casquette, Jim Le Trucker ",,PCS,22.99,,,,BD,,,"HAT, BLACK, RETRO TRUCKER, KHC PATCH - WOVEN BASEBALL HAT",,,DHAKEREA LTD,,Plot # 56-60 & 73-77 (new 23-27),,Dhaka,,BD,1230,,IMS OF WESTERN NY,16-131314301,2540 WALDEN AVE,SUITE 450,BUFFALO,NY,US,14225,,IMS OF WESTERN NY,16-131314301,2540 WALDEN AVE,SUITE 450,BUFFALO,NY,US,14225,6506.10.3045,,1,KG,,,,,,,,,,,,,,,,,,,,,,,,,,,,,,,,,,,,,,,,,,,,
10253,10253," Mug, Ceramic, Wake Up Kick Ass - The Beholder Tasse, Ceramique, La Classique ",,PCS,16.99,,,,CN,,,"MUG, CERAMIC, WAKE UP & KICK ASS - THE BEHOLDER",,,ZIBO TOPFINE TRADE CO LTD,,122 COMMUNIST YOUTH LEAGUE WEST RD,,ZHANGDIAN,,CN,,,IMS OF WESTERN NY,16-131314301,2540 WALDEN AVE,SUITE 450,BUFFALO,NY,US,14225,,IMS OF WESTERN NY,16-131314301,2540 WALDEN AVE,SUITE 450,BUFFALO,NY,US,14225,6912.00.4400,,1,KG,,,,,,,,,,,,,,,,,,,,,,,,,,,,,,,,,,,,,,,,,,,,
14789,14789," Camp Cup, 12oz, Miir - The Dreamer Tasse, Camping, La Reveuse ",,PCS,31.99,,,,CN,,,"CAMP CUP, 12-OZ, MIIR, KHC LASER ETCHING- STAINLESS STEEL",,,ZHEJIANG INNOADIR INDUSTRY                        ,CNZHEINN41WUY,NO 41 MUDAN RD BAIHUASHAN INDUS,719 BLOOR STREET WEST UNIT 106,WUYI,,CN,,,IMS OF WESTERN NY,16-131314301,2540 WALDEN AVE,SUITE 450,BUFFALO,NY,US,14225,,IMS OF WESTERN NY,16-131314301,2540 WALDEN AVE,SUITE 450,BUFFALO,NY,US,14225,7323.93.0080,,1,KG,,,,,,,,,,,,,,,,,,,,,,,,,,,,,,,,,,,,,,,,,,,,
14875,14875,,,PCS,31.99,,,,CN,,,"CONTIGO SPILL PROOF, 16OZ, MATTE BLACK, WAKE UP & KICK ASS - FULL TANK",,,ZHEJIANG INNOADIR INDUSTRY                        ,CNZHEINN41WUY,NO 41 MUDAN RD BAIHUASHAN INDUS,719 BLOOR STREET WEST UNIT 106,WUYI,,CN,,,IMS OF WESTERN NY,16-131314301,2540 WALDEN AVE,SUITE 450,BUFFALO,NY,US,14225,,IMS OF WESTERN NY,16-131314301,2540 WALDEN AVE,SUITE 450,BUFFALO,NY,US,14225,7323.93.0080,,1,KG,,,,,,,,,,,,,,,,,,,,,,,,,,,,,,,,,,,,,,,,,,,,
15021,15021," Tape, Duct, Black, 15 Feet - Git-At-It Tape Le Tape A Tout Faire ",,PCS,13.99,,,,US,,,"Tape, Duct, Black, 15 Feet - Git At It Tape",,,Trans-Consolidated Distributors,,9710 Topanga Canyon Place,,Chatsworth,CA,US,91311,,IMS OF WESTERN NY,16-131314301,2540 WALDEN AVE,SUITE 450,BUFFALO,NY,US,14225,,IMS OF WESTERN NY,16-131314301,2540 WALDEN AVE,SUITE 450,BUFFALO,NY,US,14225,3919.10.2055,,1,KG,,,,,,,,,,,,,,,,,,,,,,,,,,,,,,,,,,,,,,,,,,,,
15060,15060,,,PCS,11.99,,,,XC,S,,COFFEE 10 OZ GROUND LUCKY JIM BAG,,,Kicking Horse Coffee,XCKICHOR491INV,491 Arrow Rd,,Invermere,BC,CA,V0A 1K2,,IMS OF WESTERN NY,16-131314301,2540 WALDEN AVE,SUITE 450,BUFFALO,NY,US,14225,,IMS OF WESTERN NY,16-131314301,2540 WALDEN AVE,SUITE 450,BUFFALO,NY,US,14225,0901.21.0035,,1,KG,,,,,,,,,,,,,,,,,,,,,,,,,,,,,,,,,,,,,,,,,,,,
15065,15065,,,PCS,11.99,,,,XC,S,,COFFEE 10 OZ WHOLE BEAN LUCKY JIM BAG,,,Kicking Horse Coffee,XCKICHOR491INV,491 Arrow Rd,,Invermere,BC,CA,V0A 1K2,,IMS OF WESTERN NY,16-131314301,2540 WALDEN AVE,SUITE 450,BUFFALO,NY,US,14225,,IMS OF WESTERN NY,16-131314301,2540 WALDEN AVE,SUITE 450,BUFFALO,NY,US,14225,0901.21.0035,,1,KG,,,,,,,,,,,,,,,,,,,,,,,,,,,,,,,,,,,,,,,,,,,,
15066,15066,,,PCS,29.99,,,,XC,S,,COFFEE 1 KG WHOLE BEAN LUCKY JIM BAG,,,Kicking Horse Coffee,XCKICHOR491INV,491 Arrow Rd,,Invermere,BC,CA,V0A 1K2,,IMS OF WESTERN NY,16-131314301,2540 WALDEN AVE,SUITE 450,BUFFALO,NY,US,14225,,IMS OF WESTERN NY,16-131314301,2540 WALDEN AVE,SUITE 450,BUFFALO,NY,US,14225,0901.21.0035,,1,KG,,,,,,,,,,,,,,,,,,,,,,,,,,,,,,,,,,,,,,,,,,,,
1A-MIKE,1A-MIKE,"Spores. Mike's Mushroom Mix - Comprehensive Health, 60 caps",,PCS,27,,,,US,,,STAINLESS STEEL,,,SDC NUTRITION INC,USSDCNUT170PIT,170 INDUSTRY DR,,PITTSBURGH,PA,US,15275,,IMS OF WESTERN NY,16-131314301,2540 WALDEN AVE,SUITE 450,BUFFALO,NY,US,14225,,IMS OF WESTERN NY,16-131314301,2540 WALDEN AVE,SUITE 450,BUFFALO,NY,US,14225,9101.00.1098,,1,KG,,,,,,,,,,,,,,,,,,,,,,,,,,,,,,,,,,,,,,,,,,,,
2-CHILL,2-CHILL,"Spore. Chill Out - Mood Relaxant, 60 caps",,PCS,27,,,,US,,,"SPORE. CHILL OUT - MOOD RELAXANT, 60 CAPS DIETARY SUPPLEMENT",,,SDC NUTRITION INC,USSDCNUT170PIT,170 INDUSTRY DR,,PITTSBURGH,PA,US,15275,,IMS OF WESTERN NY,16-131314301,2540 WALDEN AVE,SUITE 450,BUFFALO,NY,US,14225,,IMS OF WESTERN NY,16-131314301,2540 WALDEN AVE,SUITE 450,BUFFALO,NY,US,14225,9101.00.1098,,1,KG,,,,,,,,,,,,,,,,,,,,,,,,,,,,,,,,,,,,,,,,,,,,
3A-FOCUS,3A-FOCUS,"Spore. Focus Performance - Cognitive Support, 60 caps",,PCS,27,,,,US,,,"SPORE. FOCUS PERFORMANCE - COGNITIVE SUPPORT, 60 CAPS DIETARY SUPPLEMENT",,,SDC NUTRITION INC,USSDCNUT170PIT,170 INDUSTRY DR,,PITTSBURGH,PA,US,15275,,IMS OF WESTERN NY,16-131314301,2540 WALDEN AVE,SUITE 450,BUFFALO,NY,US,14225,,IMS OF WESTERN NY,16-131314301,2540 WALDEN AVE,SUITE 450,BUFFALO,NY,US,14225,9101.00.1098,,1,KG,,,,,,,,,,,,,,,,,,,,,,,,,,,,,,,,,,,,,,,,,,,,
4A-ENERGY,4A-ENERGY,"Spore. Energy Performance - All Day Endurance, 60 caps",,PCS,27,,,,US,,,SPORE. ENERGY PERFORMANCE - ALL DAY ENDURANCE. 60 CAPS DIETARY SUPPLEMENT,,,SDC NUTRITION INC,USSDCNUT170PIT,170 INDUSTRY DR,,PITTSBURGH,PA,US,15275,,IMS OF WESTERN NY,16-131314301,2540 WALDEN AVE,SUITE 450,BUFFALO,NY,US,14225,,IMS OF WESTERN NY,16-131314301,2540 WALDEN AVE,SUITE 450,BUFFALO,NY,US,14225,9101.00.1098,,1,KG,,,,,,,,,,,,,,,,,,,,,,,,,,,,,,,,,,,,,,,,,,,,
5A-PROTECT,5A-PROTECT," Spore. Protect Defend - Immune Support, 60 caps ",,PCS,27,,,,US,,,"SPORE. PROTECT + DEFEND - IMMUNE SUPPORT, 60 CAPS DIETARY SUPPLEMENT",,,SDC NUTRITION INC,USSDCNUT170PIT,170 INDUSTRY DR,,PITTSBURGH,PA,US,15275,,IMS OF WESTERN NY,16-131314301,2540 WALDEN AVE,SUITE 450,BUFFALO,NY,US,14225,,IMS OF WESTERN NY,16-131314301,2540 WALDEN AVE,SUITE 450,BUFFALO,NY,US,14225,9101.00.1098,,1,KG,,,,,,,,,,,,,,,,,,,,,,,,,,,,,,,,,,,,,,,,,,,,
6.80E+11,6.80E+11,SciMar NuPa Daily,,PCS,70,,,,XC,S,,SCIMAR NUPA DAILY - MOOD RELAXANT,,,GFR PHARMA,XCGFRPHA65COQ,65 N BEND ST,,COQUITLAM,BC,CA,V3K 6N9,,IMS OF WESTERN NY,16-131314301,2540 WALDEN AVE,SUITE 450,BUFFALO,NY,US,14225,,IMS OF WESTERN NY,16-131314301,2540 WALDEN AVE,SUITE 450,BUFFALO,NY,US,14225,2106.90.9898,,1,KG,,,,,,,,,,,,,,,,,,,,,,,,,,,,,,,,,,,,,,,,,,,,
ALPHA-NO2,ALPHA-NO2,Alpha Nitric Oxide Boost 60 caps,,PCS,89.95,,,,XO,S,,DIETARY SUPPLEMENT,,,NUTRANORTH,XONUT1330MIS,1330 FEWSTER DR,,MISSISSAUGA,ON,CA,L4W 1A4,,IMS OF WESTERN NY,16-131314301,2540 WALDEN AVE,SUITE 450,BUFFALO,NY,US,14225,,IMS OF WESTERN NY,16-131314301,2540 WALDEN AVE,SUITE 450,BUFFALO,NY,US,14225,2106.90.9898,,1,KG,,,,,,,,,,,,,,,,,,,,,,,,,,,,,,,,,,,,,,,,,,,,
ALPHA-TEST,ALPHA-TEST,Alpha Primal XL 60 caps,,PCS,89.95,,,,XO,S,,ALPHA PRIMAL XL 60 CAPS,,,NUTRANORTH,XONUT1330MIS,1330 FEWSTER DR,,MISSISSAUGA,ON,CA,L4W 1A4,,IMS OF WESTERN NY,16-131314301,2540 WALDEN AVE,SUITE 450,BUFFALO,NY,US,14225,,IMS OF WESTERN NY,16-131314301,2540 WALDEN AVE,SUITE 450,BUFFALO,NY,US,14225,2106.90.9898,,1,KG,,,,,,,,,,,,,,,,,,,,,,,,,,,,,,,,,,,,,,,,,,,,
AUTUMNHMPCREAM,AUTUMNHMPCREAM,Autumn Harvest Hmp Cream - 30 ml,,PCS,27,,,,US,,,AUTUMN HARVEST HEMP WRINKLE CREAM - 30ML,,,EAGLE LABS INC,USEAGLAB5000SAI,5000 PARK ST N # 1202,,SAINT PETERSBURG,FL,US,33709,,IMS OF WESTERN NY,16-131314301,2540 WALDEN AVE,SUITE 450,BUFFALO,NY,US,14225,,IMS OF WESTERN NY,16-131314301,2540 WALDEN AVE,SUITE 450,BUFFALO,NY,US,14225,9101.00.1098,,1,KG,,,,,,,,,,,,,,,,,,,,,,,,,,,,,,,,,,,,,,,,,,,,
AUTUMNHMPD,AUTUMNHMPD,Autumn Harvest Hmp Drops 1 fl oz,,PCS,68.24,,,,XO,S,,AUTUMN HARVEST HEMP DROPS 1 FL OZ,,,NUTRANORTH,XONUT1330MIS,1330 FEWSTER DR,,MISSISSAUGA,ON,CA,L4W 1A4,,IMS OF WESTERN NY,16-131314301,2540 WALDEN AVE,SUITE 450,BUFFALO,NY,US,14225,,IMS OF WESTERN NY,16-131314301,2540 WALDEN AVE,SUITE 450,BUFFALO,NY,US,14225,2106.90.9898,,1,KG,,,,,,,,,,,,,,,,,,,,,,,,,,,,,,,,,,,,,,,,,,,,
BPNO2,BPNO2,Testo Boost NO2 - Nitric Oxide Booster - 60 caps,,PCS,89.95,,,,XO,S,,TESTO BOOST NO2 - NITRIC OXIDE BOOSTER - 60 CAPS,,,NUTRANORTH,XONUT1330MIS,1330 FEWSTER DR,,MISSISSAUGA,ON,CA,L4W 1A4,,IMS OF WESTERN NY,16-131314301,2540 WALDEN AVE,SUITE 450,BUFFALO,NY,US,14225,,IMS OF WESTERN NY,16-131314301,2540 WALDEN AVE,SUITE 450,BUFFALO,NY,US,14225,2106.90.9898,,1,KG,,,,,,,,,,,,,,,,,,,,,,,,,,,,,,,,,,,,,,,,,,,,
BPTESTO,BPTESTO,Testo Boost Prime - Male Enhancement - 60 caps,,PCS,89.95,,,,XO,S,,TESTO BOOST PRIME - MALE ENHANCEMENT - 60 CAPS,,,NUTRANORTH,XONUT1330MIS,1330 FEWSTER DR,,MISSISSAUGA,ON,CA,L4W 1A4,,IMS OF WESTERN NY,16-131314301,2540 WALDEN AVE,SUITE 450,BUFFALO,NY,US,14225,,IMS OF WESTERN NY,16-131314301,2540 WALDEN AVE,SUITE 450,BUFFALO,NY,US,14225,2106.90.9898,,1,KG,,,,,,,,,,,,,,,,,,,,,,,,,,,,,,,,,,,,,,,,,,,,
CMGR-HMLCREAM,CMGR-HMLCREAM,,,PCS,89.97,,,,US,,,HEMP MAX LAB ANTI-WRINKLE CREAM - 30 ML,,,EAGLE LABS INC,USEAGLAB5000SAI,5000 PARK ST N # 1202,,SAINT PETERSBURG,FL,US,33709,,IMS OF WESTERN NY,16-131314301,2540 WALDEN AVE,SUITE 450,BUFFALO,NY,US,14225,,IMS OF WESTERN NY,16-131314301,2540 WALDEN AVE,SUITE 450,BUFFALO,NY,US,14225,9101.00.1098,,1,KG,,,,,,,,,,,,,,,,,,,,,,,,,,,,,,,,,,,,,,,,,,,,
CMGR-HMLDROPFR,CMGR-HMLDROPFR,Hmp Max Lab Drops - 1 fl oz (FR) ,,PCS,33,,,,XO,S,,HEMP MAX LAB DROPS - 1 FL OZ (FR),,,NUTRANORTH,XONUT1370WIN,1370 ARGYLE RD,,WINDSOR,ON,CA,N8Y3K7,,IMS OF WESTERN NY,16-131314301,2540 WALDEN AVE,SUITE 450,BUFFALO,NY,US,14225,,IMS OF WESTERN NY,16-131314301,2540 WALDEN AVE,SUITE 450,BUFFALO,NY,US,14225,2106.90.9898,,1,KG,,,,,,,,,,,,,,,,,,,,,,,,,,,,,,,,,,,,,,,,,,,,
CMGR-KETFR,CMGR-KETFR,Keto Active 60 caps (FR),,PCS,89.95,,,,XO,S,,KETO ACTIVE 60 CAPS (FR) DIETARY SUPPLEMENT,,,NUTRANORTH,XONUT1330MIS,1330 FEWSTER DR,,MISSISSAUGA,ON,CA,L4W 1A4,,IMS OF WESTERN NY,16-131314301,2540 WALDEN AVE,SUITE 450,BUFFALO,NY,US,14225,,IMS OF WESTERN NY,16-131314301,2540 WALDEN AVE,SUITE 450,BUFFALO,NY,US,14225,2106.90.9898,,1,KG,,,,,,,,,,,,,,,,,,,,,,,,,,,,,,,,,,,,,,,,,,,,
PCN-BURN,EMVPCN-BURN,Prime Choice Nutrition Burn Step One Ignite - 60 caps,,PCS,89.95,,,,XO,S,,PRIME CHOICE NUTRITION BURN STEP ONE IGNITE - 60 CAPS,,,NUTRANORTH,XONUT1330MIS,1330 FEWSTER DR,,MISSISSAUGA,ON,CA,L4W 1A4,,IMS OF WESTERN NY,16-131314301,2540 WALDEN AVE,SUITE 450,BUFFALO,NY,US,14225,,IMS OF WESTERN NY,16-131314301,2540 WALDEN AVE,SUITE 450,BUFFALO,NY,US,14225,2106.90.9898,,1,KG,,,,,,,,,,,,,,,,,,,,,,,,,,,,,,,,,,,,,,,,,,,,
PCN-SLIM,EMVPCN-SLIM,Prime Choice Nutrition Slim - Step Three Transformation - 60 caps,,PCS,33,,,,XO,S,,PRIME CHOICE NUTRITION SLIM - STEP THREE TRANSFORMATION - 60 CAPS,,,NUTRANORTH,XONUT1330MIS,1330 FEWSTER DR,,MISSISSAUGA,ON,CA,L4W 1A4,,IMS OF WESTERN NY,16-131314301,2540 WALDEN AVE,SUITE 450,BUFFALO,NY,US,14225,,IMS OF WESTERN NY,16-131314301,2540 WALDEN AVE,SUITE 450,BUFFALO,NY,US,14225,2106.90.9898,,1,KG,,,,,,,,,,,,,,,,,,,,,,,,,,,,,,,,,,,,,,,,,,,,
PCN-CLEANSE,EMVPCN-CLEANSE,Prime Choice Nutrition Cleanse Step Two Clean - 60 caps,,PCS,89.95,,,,XO,S,,PRIME CHOICE NUTRITION CLEANSE STEP TWO CLEAN - 60 CAPS,,,NUTRANORTH,XONUT1330MIS,1330 FEWSTER DR,,MISSISSAUGA,ON,CA,L4W 1A4,,IMS OF WESTERN NY,16-131314301,2540 WALDEN AVE,SUITE 450,BUFFALO,NY,US,14225,,IMS OF WESTERN NY,16-131314301,2540 WALDEN AVE,SUITE 450,BUFFALO,NY,US,14225,2106.90.9898,,1,KG,,,,,,,,,,,,,,,,,,,,,,,,,,,,,,,,,,,,,,,,,,,,
PCN-TPM,EMVPCN-TPM,Prime Choice Nutrition TEST.AM - Men's Morning Energy Formula - 60 caps,,PCS,89.95,,,,XO,S,,PRIME CHOICE NUTRITION TEST.PM - MEN'S EVENING GROWTH FORMULA - 60 CAP,,,NUTRANORTH,XONUT1330MIS,1330 FEWSTER DR,,MISSISSAUGA,ON,CA,L4W 1A4,,IMS OF WESTERN NY,16-131314301,2540 WALDEN AVE,SUITE 450,BUFFALO,NY,US,14225,,IMS OF WESTERN NY,16-131314301,2540 WALDEN AVE,SUITE 450,BUFFALO,NY,US,14225,2106.90.9898,,1,KG,,,,,,,,,,,,,,,,,,,,,,,,,,,,,,,,,,,,,,,,,,,,
PCN-TAM,EMVPCN-TAM,Prime Choice Nutrition TEST.PM - Men's Evening Growth Formula - 60 caps,,PCS,23.97,,,,XO,S,,PRIME CHOICE NUTRITION TEST.AM - MEN'S MORNING ENERGY FORMULA - 60 CAP,,,NUTRANORTH,XONUT1330MIS,1330 FEWSTER DR,,MISSISSAUGA,ON,CA,L4W 1A4,,IMS OF WESTERN NY,16-131314301,2540 WALDEN AVE,SUITE 450,BUFFALO,NY,US,14225,,IMS OF WESTERN NY,16-131314301,2540 WALDEN AVE,SUITE 450,BUFFALO,NY,US,14225,2106.90.9898,,1,KG,,,,,,,,,,,,,,,,,,,,,,,,,,,,,,,,,,,,,,,,,,,,
PCN-PUMP,EMVPCN-PUMP,,,PCS,23.97,,,,XO,S,,PRIME CHOICE NUTRITION PUMP - NATURAL MEN'S FORMULA - 60 CAPS,,,NUTRANORTH,XONUT1330MIS,1330 FEWSTER DR,,MISSISSAUGA,ON,CA,L4W 1A4,,IMS OF WESTERN NY,16-131314301,2540 WALDEN AVE,SUITE 450,BUFFALO,NY,US,14225,,IMS OF WESTERN NY,16-131314301,2540 WALDEN AVE,SUITE 450,BUFFALO,NY,US,14225,2106.90.9898,,1,KG,,,,,,,,,,,,,,,,,,,,,,,,,,,,,,,,,,,,,,,,,,,,
PCN-HDROPS,EMVPCN-HDROPS,,,PCS,33,,,,XO,S,,PRIME CHOICE NUTRITION HEMP DROPS - 30 ML,,,NUTRANORTH,XONUT1330MIS,1330 FEWSTER DR,,MISSISSAUGA,ON,CA,L4W 1A4,,IMS OF WESTERN NY,16-131314301,2540 WALDEN AVE,SUITE 450,BUFFALO,NY,US,14225,,IMS OF WESTERN NY,16-131314301,2540 WALDEN AVE,SUITE 450,BUFFALO,NY,US,14225,2106.90.9898,,1,KG,,,,,,,,,,,,,,,,,,,,,,,,,,,,,,,,,,,,,,,,,,,,
Eye-Renew,EYE-RENEW,Eye Renew 0.5 fl oz Skin Care,,PCS,35.97,,,,US,,,BIODERM RX EYE RENEW CREAM 15ML .5 FL OZ,,,CELMARK INTERNATIONAL,USCELINT2600ORL,2600 TITAN ROW,,ORLANDO,FL,US,32809,,IMS OF WESTERN NY,16-131314301,2540 WALDEN AVE,SUITE 450,BUFFALO,NY,US,14225,,IMS OF WESTERN NY,16-131314301,2540 WALDEN AVE,SUITE 450,BUFFALO,NY,US,14225,9101.00.1098,,1,KG,,,,,,,,,,,,,,,,,,,,,,,,,,,,,,,,,,,,,,,,,,,,
Flawless,FLAWLESS,Flawless Face 2 fl oz,,PCS,89.97,,,,US,,,OHP-FLAWLESS BIODERM RX FLAWLESS FACE CLEANSING GEL 2 FL OZ,,,CELMARK INTERNATIONAL,USCELINT2600ORL,2600 TITAN ROW,,ORLANDO,FL,US,32809,,IMS OF WESTERN NY,16-131314301,2540 WALDEN AVE,SUITE 450,BUFFALO,NY,US,14225,,IMS OF WESTERN NY,16-131314301,2540 WALDEN AVE,SUITE 450,BUFFALO,NY,US,14225,9101.00.1098,,1,KG,,,,,,,,,,,,,,,,,,,,,,,,,,,,,,,,,,,,,,,,,,,,
LIVADERM-EYE,LIVADERM-EYE,LivaDerma Skin Care Retinol Eye Serum 15 ml,,PCS,35.97,,,,US,,,LIVADERM SKIN CARE RETINOL EYE SERUM 15 ML,,,PRIVATE LABELS SKIN,USPRILAB7205SAI,7205 30TH AVE N,,SAINT PETERSBURG,FL,US,33710,,IMS OF WESTERN NY,16-131314301,2540 WALDEN AVE,SUITE 450,BUFFALO,NY,US,14225,,IMS OF WESTERN NY,16-131314301,2540 WALDEN AVE,SUITE 450,BUFFALO,NY,US,14225,9101.00.1098,,1,KG,,,,,,,,,,,,,,,,,,,,,,,,,,,,,,,,,,,,,,,,,,,,
LIVADERM-FACE,LIVADERM-FACE,LivaDerma Skin Care Retinol Face Cream 30 ml,,PCS,35.97,,,,US,,,LIVADERM SKIN CARE RETINOL EYE SERUM 15 ML,,,PRIVATE LABELS SKIN,USPRILAB7205SAI,7205 30TH AVE N,,SAINT PETERSBURG,FL,US,33710,,IMS OF WESTERN NY,16-131314301,2540 WALDEN AVE,SUITE 450,BUFFALO,NY,US,14225,,IMS OF WESTERN NY,16-131314301,2540 WALDEN AVE,SUITE 450,BUFFALO,NY,US,14225,9101.00.1098,,1,KG,,,,,,,,,,,,,,,,,,,,,,,,,,,,,,,,,,,,,,,,,,,,
MO-AllureCoffee,MO-AllureCoffee,ALLURE GREEN COFFEE DIETARY SUPPLEMENT 60 CAPS,,PCS,89.95,,,,XO,S,,NO-ALLURECOFFEE ALLURE GREEN COFFEE DIETARY SUPPLEMENT 60 CAPS,,,NUTRANORTH,XONUT1330MIS,1330 FEWSTER DR,,MISSISSAUGA,ON,CA,L4W 1A4,,IMS OF WESTERN NY,16-131314301,2540 WALDEN AVE,SUITE 450,BUFFALO,NY,US,14225,,IMS OF WESTERN NY,16-131314301,2540 WALDEN AVE,SUITE 450,BUFFALO,NY,US,14225,2106.90.9898,,1,KG,,,,,,,,,,,,,,,,,,,,,,,,,,,,,,,,,,,,,,,,,,,,
MO-BisoEye,MO-BisoEye,BISOU ADVANCED SKIN CARE AGELESS EYE SERUM 0.5 OZ,,PCS,35.97,,,,US,,,NO-BISOEYE BISOU ADVANCED SKIN CARE AGELESS EYE SERUM 15ML .5OZ,,,EVORA WORLDWIDE,USEVOWOR1120SAI,11201 CORPORATE CR,,SAINT PETERSBURG,FL,US,33716,,IMS OF WESTERN NY,16-131314301,2540 WALDEN AVE,SUITE 450,BUFFALO,NY,US,14225,,IMS OF WESTERN NY,16-131314301,2540 WALDEN AVE,SUITE 450,BUFFALO,NY,US,14225,9101.00.1098,,1,KG,,,,,,,,,,,,,,,,,,,,,,,,,,,,,,,,,,,,,,,,,,,,
MO-BisoFace,MO-BisoFace,BISOU ADVANCED SKIN CARE REVITALIZING AGELESS MOISTURIZER 1 OZ ,,PCS,89.97,,,,US,,,BO-BISOFACE BISOU ADVANCED SKINCARE REVITALIZING AGELESS MOISTURIZER,,,EVORA WORLDWIDE,USEVOWOR1120SAI,11201 CORPORATE CR,,SAINT PETERSBURG,FL,US,33716,,IMS OF WESTERN NY,16-131314301,2540 WALDEN AVE,SUITE 450,BUFFALO,NY,US,14225,,IMS OF WESTERN NY,16-131314301,2540 WALDEN AVE,SUITE 450,BUFFALO,NY,US,14225,9101.00.1098,,1,KG,,,,,,,,,,,,,,,,,,,,,,,,,,,,,,,,,,,,,,,,,,,,
MO-CeliEye,MO-CELIEYE,Celine Ageless Eye Serum 0.5 oz,,PCS,35.97,,,,US,,,CELINE AGELESS EYE SERUM .5OZ,,,EVORA WORLDWIDE,USEVOWOR1120SAI,11201 CORPORATE CR,,SAINT PETERSBURG,FL,US,33716,,IMS OF WESTERN NY,16-131314301,2540 WALDEN AVE,SUITE 450,BUFFALO,NY,US,14225,,IMS OF WESTERN NY,16-131314301,2540 WALDEN AVE,SUITE 450,BUFFALO,NY,US,14225,9101.00.1098,,1,KG,,,,,,,,,,,,,,,,,,,,,,,,,,,,,,,,,,,,,,,,,,,,
MO-CeliFace,MO-CELIFACE,Celine Ageless Moisturizer 1 oz,,PCS,89.97,,,,US,,,CELINE AGELESS MOISTURIZER 1 OZ,,,EVORA WORLDWIDE,USEVOWOR1120SAI,11201 CORPORATE CR,,SAINT PETERSBURG,FL,US,33716,,IMS OF WESTERN NY,16-131314301,2540 WALDEN AVE,SUITE 450,BUFFALO,NY,US,14225,,IMS OF WESTERN NY,16-131314301,2540 WALDEN AVE,SUITE 450,BUFFALO,NY,US,14225,9101.00.1098,,1,KG,,,,,,,,,,,,,,,,,,,,,,,,,,,,,,,,,,,,,,,,,,,,
MO-G10AdvanceBlend,MO-G10ADVANCEBLEND,G10 Force Advance Blend ,,PCS,89.95,,,,XO,S,,GO FORCE ADVANCE BLEND DIETARY SUPPLEMENT 60 CAPS,,,NUTRANORTH,XONUT1330MIS,1330 FEWSTER DR,,MISSISSAUGA,ON,CA,L4W 1A4,,IMS OF WESTERN NY,16-131314301,2540 WALDEN AVE,SUITE 450,BUFFALO,NY,US,14225,,IMS OF WESTERN NY,16-131314301,2540 WALDEN AVE,SUITE 450,BUFFALO,NY,US,14225,2106.90.9898,,1,KG,,,,,,,,,,,,,,,,,,,,,,,,,,,,,,,,,,,,,,,,,,,,
MO-G10ControlMax,MO-G10CONTROLMAX,G10 Force Control Max,,PCS,89.95,,,,XO,S,,GO FORCE CONTROL MAX DIETARY SUPPLEMENT 60 CAPS,,,NUTRANORTH,XONUT1330MIS,1330 FEWSTER DR,,MISSISSAUGA,ON,CA,L4W 1A4,,IMS OF WESTERN NY,16-131314301,2540 WALDEN AVE,SUITE 450,BUFFALO,NY,US,14225,,IMS OF WESTERN NY,16-131314301,2540 WALDEN AVE,SUITE 450,BUFFALO,NY,US,14225,2106.90.9898,,1,KG,,,,,,,,,,,,,,,,,,,,,,,,,,,,,,,,,,,,,,,,,,,,
MO-G3Coffee,MO-G3COFFEE,G3000 GREEN COFFEE DIETARY SUPPLEMENT 60 CAPS,,PCS,89.95,,,,XO,S,,MO-G3COFFEE G3000 GREEN COFFEE DIETARY SUPPLEMENT 60 CAPS,,,NUTRANORTH,XONUT1330MIS,1330 FEWSTER DR,,MISSISSAUGA,ON,CA,L4W 1A4,,IMS OF WESTERN NY,16-131314301,2540 WALDEN AVE,SUITE 450,BUFFALO,NY,US,14225,,IMS OF WESTERN NY,16-131314301,2540 WALDEN AVE,SUITE 450,BUFFALO,NY,US,14225,2106.90.9898,,1,KG,,,,,,,,,,,,,,,,,,,,,,,,,,,,,,,,,,,,,,,,,,,,
MO-GarciniaPure,MO-GARCINIAPURE,GARCINIA CAMBOGIA PURE DIETARY SUPPLEMENT 60 CAPS,,PCS,89.95,,,,XO,S,,GARCINIA CAMBOGIA PURE DIETARY SUPPLEMENTS 60 CAPS,,,NUTRANORTH,XONUT1330MIS,1330 FEWSTER DR,,MISSISSAUGA,ON,CA,L4W 1A4,,IMS OF WESTERN NY,16-131314301,2540 WALDEN AVE,SUITE 450,BUFFALO,NY,US,14225,,IMS OF WESTERN NY,16-131314301,2540 WALDEN AVE,SUITE 450,BUFFALO,NY,US,14225,2106.90.9898,,1,KG,,,,,,,,,,,,,,,,,,,,,,,,,,,,,,,,,,,,,,,,,,,,
MO-GentiUltra,MO-GENTIULTRA,Gentiv Ultra 60 caps,,PCS,89.95,,,,XO,S,,GENTIV ULTRA 60 CAPS  DIETARY SUPPLEMENT,,,NUTRANORTH,XONUT1330MIS,1330 FEWSTER DR,,MISSISSAUGA,ON,CA,L4W 1A4,,IMS OF WESTERN NY,16-131314301,2540 WALDEN AVE,SUITE 450,BUFFALO,NY,US,14225,,IMS OF WESTERN NY,16-131314301,2540 WALDEN AVE,SUITE 450,BUFFALO,NY,US,14225,2106.90.9898,,1,KG,,,,,,,,,,,,,,,,,,,,,,,,,,,,,,,,,,,,,,,,,,,,
MO-KAdvanceForskolin,MO-KADVANCEFORSKOLIN,Keto Advance Forskolin 30 Caps,,PCS,89.95,,,,XO,S,,KETO ADVANCE FORSKOLIN 30 CAPS DIETARY SUPPLEMENT,,,NUTRANORTH,XONUT1330MIS,1330 FEWSTER DR,,MISSISSAUGA,ON,CA,L4W 1A4,,IMS OF WESTERN NY,16-131314301,2540 WALDEN AVE,SUITE 450,BUFFALO,NY,US,14225,,IMS OF WESTERN NY,16-131314301,2540 WALDEN AVE,SUITE 450,BUFFALO,NY,US,14225,2106.90.9898,,1,KG,,,,,,,,,,,,,,,,,,,,,,,,,,,,,,,,,,,,,,,,,,,,
MO-KC3000Forskolin,MO-KC3000FORSKOLIN,KC3000 Forskolin 30 caps,,PCS,89.95,,,,XO,S,,KC3000 FORSKOLIN 30 CAPS DIETARY SUPPLEMENT,,,NUTRANORTH,XONUT1330MIS,1330 FEWSTER DR,,MISSISSAUGA,ON,CA,L4W 1A4,,IMS OF WESTERN NY,16-131314301,2540 WALDEN AVE,SUITE 450,BUFFALO,NY,US,14225,,IMS OF WESTERN NY,16-131314301,2540 WALDEN AVE,SUITE 450,BUFFALO,NY,US,14225,2106.90.9898,,1,KG,,,,,,,,,,,,,,,,,,,,,,,,,,,,,,,,,,,,,,,,,,,,
MO-KCompleteForskolin,MO-KCOMPLETEFORSKOLIN,Forskolin Keto Complete,,PCS,89.95,,,,XO,S,,FORSKOLIN KETO COMPLETE DIETARY SUPPLEMENT,,,NUTRANORTH,XONUT1330MIS,1330 FEWSTER DR,,MISSISSAUGA,ON,CA,L4W 1A4,,IMS OF WESTERN NY,16-131314301,2540 WALDEN AVE,SUITE 450,BUFFALO,NY,US,14225,,IMS OF WESTERN NY,16-131314301,2540 WALDEN AVE,SUITE 450,BUFFALO,NY,US,14225,2106.90.9898,,1,KG,,,,,,,,,,,,,,,,,,,,,,,,,,,,,,,,,,,,,,,,,,,,
MO-KCompleteGarcinia,MO-KCOMPLETEGARCINIA,Garcinia Rapid Complete,,PCS,89.95,,,,XO,S,,GARCINIA RAPID COMPLETE DIETARY SUPPLEMENT 60 CAPS,,,NUTRANORTH,XONUT1330MIS,1330 FEWSTER DR,,MISSISSAUGA,ON,CA,L4W 1A4,,IMS OF WESTERN NY,16-131314301,2540 WALDEN AVE,SUITE 450,BUFFALO,NY,US,14225,,IMS OF WESTERN NY,16-131314301,2540 WALDEN AVE,SUITE 450,BUFFALO,NY,US,14225,2106.90.9898,,1,KG,,,,,,,,,,,,,,,,,,,,,,,,,,,,,,,,,,,,,,,,,,,,
MO-KetoBForskolin,MO-KETOBFORSKOLIN,Ketoboost Forskolin 30 Caps,,PCS,89.95,,,,XO,S,,KETOBOOST FORSKOLIN GARCINIA CAPSULES (60 CAPS PER BOTTLE),,,NUTRANORTH,XONUT1330MIS,1330 FEWSTER DR,,MISSISSAUGA,ON,CA,L4W 1A4,,IMS OF WESTERN NY,16-131314301,2540 WALDEN AVE,SUITE 450,BUFFALO,NY,US,14225,,IMS OF WESTERN NY,16-131314301,2540 WALDEN AVE,SUITE 450,BUFFALO,NY,US,14225,2106.90.9898,,1,KG,,,,,,,,,,,,,,,,,,,,,,,,,,,,,,,,,,,,,,,,,,,,
MO-KetoCForskolin,MO-KETOCFORSKOLIN,KetoCycle Forskolin - 30 caps,,PCS,89.95,,,,XO,S,,KETOCYCLE FORSKOLIN - 30 CAPS DIETARY SUPPLEMENTS,,,NUTRANORTH,XONUT1330MIS,1330 FEWSTER DR,,MISSISSAUGA,ON,CA,L4W 1A4,,IMS OF WESTERN NY,16-131314301,2540 WALDEN AVE,SUITE 450,BUFFALO,NY,US,14225,,IMS OF WESTERN NY,16-131314301,2540 WALDEN AVE,SUITE 450,BUFFALO,NY,US,14225,2106.90.9898,,1,KG,,,,,,,,,,,,,,,,,,,,,,,,,,,,,,,,,,,,,,,,,,,,
MO-LeviaflexMax,MO-LEVIAFLEXMAX,Leviaflex Control Max,,PCS,89.95,,,,XO,S,,LEVIAFLEX CONTROL MAX 60 CAPS DIETARY SUPPLEMENT,,,NUTRANORTH,XONUT1330MIS,1330 FEWSTER DR,,MISSISSAUGA,ON,CA,L4W 1A4,,IMS OF WESTERN NY,16-131314301,2540 WALDEN AVE,SUITE 450,BUFFALO,NY,US,14225,,IMS OF WESTERN NY,16-131314301,2540 WALDEN AVE,SUITE 450,BUFFALO,NY,US,14225,2106.90.9898,,1,KG,,,,,,,,,,,,,,,,,,,,,,,,,,,,,,,,,,,,,,,,,,,,
MO-LivaEye,MO-LIVAEYE,Livali Ageless Eye Serum 0.5 oz,,PCS,35.97,,,,US,,,LIVALI AGELESS EYE SERUM .5 OZ 15ML,,,EVORA WORLDWIDE,USEVOWOR1120SAI,11201 CORPORATE CR,,SAINT PETERSBURG,FL,US,33716,,IMS OF WESTERN NY,16-131314301,2540 WALDEN AVE,SUITE 450,BUFFALO,NY,US,14225,,IMS OF WESTERN NY,16-131314301,2540 WALDEN AVE,SUITE 450,BUFFALO,NY,US,14225,9101.00.1098,,1,KG,,,,,,,,,,,,,,,,,,,,,,,,,,,,,,,,,,,,,,,,,,,,
MO-LivaFace,MO-LIVAFACE,Livali Ageless Moisturizer 1 oz,,PCS,89.97,,,,US,,,LIVALI AGELESS MOISTURIZER 1OZ 30ML,,,EVORA WORLDWIDE,USEVOWOR1120SAI,11201 CORPORATE CR,,SAINT PETERSBURG,FL,US,33716,,IMS OF WESTERN NY,16-131314301,2540 WALDEN AVE,SUITE 450,BUFFALO,NY,US,14225,,IMS OF WESTERN NY,16-131314301,2540 WALDEN AVE,SUITE 450,BUFFALO,NY,US,14225,9101.00.1098,,1,KG,,,,,,,,,,,,,,,,,,,,,,,,,,,,,,,,,,,,,,,,,,,,
MO-LUCINEEYE,MO-LUCINEEYE,Lucineux Eye ,,PCS,89.97,,,,US,,,LUCINEUX EYE 15 ML EYE SERUM,,,EVORA WORLDWIDE,USEVOWOR1120SAI,11201 CORPORATE CR,,SAINT PETERSBURG,FL,US,33716,,IMS OF WESTERN NY,16-131314301,2540 WALDEN AVE,SUITE 450,BUFFALO,NY,US,14225,,IMS OF WESTERN NY,16-131314301,2540 WALDEN AVE,SUITE 450,BUFFALO,NY,US,14225,9101.00.1098,,1,KG,,,,,,,,,,,,,,,,,,,,,,,,,,,,,,,,,,,,,,,,,,,,
MO-LUCINEFACE,MO-LUCINEFACE,Lucineux Face ,,PCS,89.97,,,,US,,,LUCINEUX FACE 1OZ (30ML)  SKIN MOISTURIZER,,,EVORA WORLDWIDE,USEVOWOR1120SAI,11201 CORPORATE CR,,SAINT PETERSBURG,FL,US,33716,,IMS OF WESTERN NY,16-131314301,2540 WALDEN AVE,SUITE 450,BUFFALO,NY,US,14225,,IMS OF WESTERN NY,16-131314301,2540 WALDEN AVE,SUITE 450,BUFFALO,NY,US,14225,9101.00.1098,,1,KG,,,,,,,,,,,,,,,,,,,,,,,,,,,,,,,,,,,,,,,,,,,,
MO-LUDIEYE,MO-LUDIEYE,Ludicene Eye ,,PCS,35.97,,,,US,,,LUDICENE EYE 15 ML    EYE SERUM .5OZ,,,EVORA WORLDWIDE,USEVOWOR1120SAI,11201 CORPORATE CR,,SAINT PETERSBURG,FL,US,33716,,IMS OF WESTERN NY,16-131314301,2540 WALDEN AVE,SUITE 450,BUFFALO,NY,US,14225,,IMS OF WESTERN NY,16-131314301,2540 WALDEN AVE,SUITE 450,BUFFALO,NY,US,14225,9101.00.1098,,1,KG,,,,,,,,,,,,,,,,,,,,,,,,,,,,,,,,,,,,,,,,,,,,
MO-LUDIFACE,MO-LUDIFACE,Ludicene Face ,,PCS,89.97,,,,US,,,LUDICENE FACE 30 ML  SKIN MOISTURIZER,,,EVORA WORLDWIDE,USEVOWOR1120SAI,11201 CORPORATE CR,,SAINT PETERSBURG,FL,US,33716,,IMS OF WESTERN NY,16-131314301,2540 WALDEN AVE,SUITE 450,BUFFALO,NY,US,14225,,IMS OF WESTERN NY,16-131314301,2540 WALDEN AVE,SUITE 450,BUFFALO,NY,US,14225,9101.00.1098,,1,KG,,,,,,,,,,,,,,,,,,,,,,,,,,,,,,,,,,,,,,,,,,,,
MO-LumEye,MO-LumEye,LUMINEUX EYE SERUM 0.5 OZ,,PCS,35.97,,,,US,,,MO-LUMEYE LUMINEUX AGELESS EYE SERUM  .5 OZ,,,EVORA WORLDWIDE,USEVOWOR1120SAI,11201 CORPORATE CR,,SAINT PETERSBURG,FL,US,33716,,IMS OF WESTERN NY,16-131314301,2540 WALDEN AVE,SUITE 450,BUFFALO,NY,US,14225,,IMS OF WESTERN NY,16-131314301,2540 WALDEN AVE,SUITE 450,BUFFALO,NY,US,14225,9101.00.1098,,1,KG,,,,,,,,,,,,,,,,,,,,,,,,,,,,,,,,,,,,,,,,,,,,
MO-RapidBGarcinia,MO-RAPIDBGARCINIA,Rapid Boost Garcinia Dietary Supplement 60 Caps,,PCS,89.95,,,,XO,S,,RAPID BOOST GARCINIA CAPSULES  (60 CAPS PER BOTTLE),,,NUTRANORTH,XONUT1330MIS,1330 FEWSTER DR,,MISSISSAUGA,ON,CA,L4W 1A4,,IMS OF WESTERN NY,16-131314301,2540 WALDEN AVE,SUITE 450,BUFFALO,NY,US,14225,,IMS OF WESTERN NY,16-131314301,2540 WALDEN AVE,SUITE 450,BUFFALO,NY,US,14225,2106.90.9898,,1,KG,,,,,,,,,,,,,,,,,,,,,,,,,,,,,,,,,,,,,,,,,,,,
MO-RapidCGarcinia,MO-RAPIDCGARCINIA,RapidCycle Garcinia - 60 caps,,PCS,89.95,,,,XO,S,,RAPIDCYCLE GARCINIA - 60 CAPS  DIETARY SUPPLEMENTS,,,NUTRANORTH,XONUT1330MIS,1330 FEWSTER DR,,MISSISSAUGA,ON,CA,L4W 1A4,,IMS OF WESTERN NY,16-131314301,2540 WALDEN AVE,SUITE 450,BUFFALO,NY,US,14225,,IMS OF WESTERN NY,16-131314301,2540 WALDEN AVE,SUITE 450,BUFFALO,NY,US,14225,2106.90.9898,,1,KG,,,,,,,,,,,,,,,,,,,,,,,,,,,,,,,,,,,,,,,,,,,,
MO-SK2Coffee,MO-SK2COFFEE,SK2000 Green Coffee Dietary Supplement 60 Caps,,PCS,89.95,,,,XO,S,,SK2000 GARCINIA DIETARY SUPPLEMENT 60 CAPS,,,NUTRANORTH,XONUT1330MIS,1330 FEWSTER DR,,MISSISSAUGA,ON,CA,L4W 1A4,,IMS OF WESTERN NY,16-131314301,2540 WALDEN AVE,SUITE 450,BUFFALO,NY,US,14225,,IMS OF WESTERN NY,16-131314301,2540 WALDEN AVE,SUITE 450,BUFFALO,NY,US,14225,2106.90.9898,,1,KG,,,,,,,,,,,,,,,,,,,,,,,,,,,,,,,,,,,,,,,,,,,,
MO-SK2Garcinia,MO-SK2GARCINIA,SK2000 Garcinia Cambogia Dietary Supplement 60 Caps,,PCS,89.95,,,,XO,S,,SK2000 GARCINIA DIETARY SUPPLEMENT 60 CAPS,,,NUTRANORTH,XONUT1330MIS,1330 FEWSTER DR,,MISSISSAUGA,ON,CA,L4W 1A4,,IMS OF WESTERN NY,16-131314301,2540 WALDEN AVE,SUITE 450,BUFFALO,NY,US,14225,,IMS OF WESTERN NY,16-131314301,2540 WALDEN AVE,SUITE 450,BUFFALO,NY,US,14225,2106.90.9898,,1,KG,,,,,,,,,,,,,,,,,,,,,,,,,,,,,,,,,,,,,,,,,,,,
MO-SLIM2KGARCINIA,MO-SLIM2KGARCINIA,????,,PCS,89.95,,,,XO,S,,GARCINIA SLIM 2000 DIETARY SUPPLEMENTS 60 CAPS,,,NUTRANORTH,XONUT1330MIS,1330 FEWSTER DR,,MISSISSAUGA,ON,CA,L4W 1A4,,IMS OF WESTERN NY,16-131314301,2540 WALDEN AVE,SUITE 450,BUFFALO,NY,US,14225,,IMS OF WESTERN NY,16-131314301,2540 WALDEN AVE,SUITE 450,BUFFALO,NY,US,14225,2106.90.9898,,1,KG,,,,,,,,,,,,,,,,,,,,,,,,,,,,,,,,,,,,,,,,,,,,
MO-SPCoffee,MO-SPCOFFEE,Slim Plus Green Coffee Dietary Supplement 60 Caps,,PCS,89.95,,,,XO,S,,GREEN COFFEE SLIM PLUS DIETARY SUPPLEMENTS 60 CAPS,,,NUTRANORTH,XONUT1330MIS,1330 FEWSTER DR,,MISSISSAUGA,ON,CA,L4W 1A4,,IMS OF WESTERN NY,16-131314301,2540 WALDEN AVE,SUITE 450,BUFFALO,NY,US,14225,,IMS OF WESTERN NY,16-131314301,2540 WALDEN AVE,SUITE 450,BUFFALO,NY,US,14225,2106.90.9898,,1,KG,,,,,,,,,,,,,,,,,,,,,,,,,,,,,,,,,,,,,,,,,,,,
MO-SPGarcinia,MO-SPGARCINIA,Slim Plus Garcinia Cambogia Dietary Supplement 60 Caps,,PCS,89.95,,,,XO,S,,GARCINIA CAMBOGIA SLIM PLUS DIETARY SUPPLEMENTS 60 CAPS,,,NUTRANORTH,XONUT1330MIS,1330 FEWSTER DR,,MISSISSAUGA,ON,CA,L4W 1A4,,IMS OF WESTERN NY,16-131314301,2540 WALDEN AVE,SUITE 450,BUFFALO,NY,US,14225,,IMS OF WESTERN NY,16-131314301,2540 WALDEN AVE,SUITE 450,BUFFALO,NY,US,14225,2106.90.9898,,1,KG,,,,,,,,,,,,,,,,,,,,,,,,,,,,,,,,,,,,,,,,,,,,
MO-TremboTest,MO-TREMBOTEST,Trembolex Ultra Dietary Supplement 60 Caps,,PCS,89.95,,,,XO,S,,TREMBOLEX ULTRA TESTOSTERONE BOOSTER 60CAPS,,,NUTRANORTH,XONUT1330MIS,1330 FEWSTER DR,,MISSISSAUGA,ON,CA,L4W 1A4,,IMS OF WESTERN NY,16-131314301,2540 WALDEN AVE,SUITE 450,BUFFALO,NY,US,14225,,IMS OF WESTERN NY,16-131314301,2540 WALDEN AVE,SUITE 450,BUFFALO,NY,US,14225,2106.90.9898,,1,KG,,,,,,,,,,,,,,,,,,,,,,,,,,,,,,,,,,,,,,,,,,,,
MO-TremboVigor,MO-TREMBOVIGOR,Trembolex Vigor Dietary Supplement 60 Caps,,PCS,89.95,,,,XO,S,,TREMBOLEX VIGOR MALE ENHANCEMENT BLEND 60CAPS,,,NUTRANORTH,XONUT1330MIS,1330 FEWSTER DR,,MISSISSAUGA,ON,CA,L4W 1A4,,IMS OF WESTERN NY,16-131314301,2540 WALDEN AVE,SUITE 450,BUFFALO,NY,US,14225,,IMS OF WESTERN NY,16-131314301,2540 WALDEN AVE,SUITE 450,BUFFALO,NY,US,14225,2106.90.9898,,1,KG,,,,,,,,,,,,,,,,,,,,,,,,,,,,,,,,,,,,,,,,,,,,
MO-VandafilAdvance,MO-VANDAFILADVANCE,Vandafil Advance Blend ,,PCS,89.95,,,,XO,S,,VANDAFIL ADVANCE BLEND 60 CAPS DIETARY SUPPLEMENT,,,NUTRANORTH,XONUT1330MIS,1330 FEWSTER DR,,MISSISSAUGA,ON,CA,L4W 1A4,,IMS OF WESTERN NY,16-131314301,2540 WALDEN AVE,SUITE 450,BUFFALO,NY,US,14225,,IMS OF WESTERN NY,16-131314301,2540 WALDEN AVE,SUITE 450,BUFFALO,NY,US,14225,2106.90.9898,,1,KG,,,,,,,,,,,,,,,,,,,,,,,,,,,,,,,,,,,,,,,,,,,,
MO-VandafilMax,MO-VANDAFILMAX,Vandafil Control Max ,,PCS,89.95,,,,XO,S,,VANDAFIL CONTROL MAX 60 CAPS DIETARY SUPPLEMENT,,,NUTRANORTH,XONUT1330MIS,1330 FEWSTER DR,,MISSISSAUGA,ON,CA,L4W 1A4,,IMS OF WESTERN NY,16-131314301,2540 WALDEN AVE,SUITE 450,BUFFALO,NY,US,14225,,IMS OF WESTERN NY,16-131314301,2540 WALDEN AVE,SUITE 450,BUFFALO,NY,US,14225,2106.90.9898,,1,KG,,,,,,,,,,,,,,,,,,,,,,,,,,,,,,,,,,,,,,,,,,,,
MO-VandexUltra,MO-VANDEXULTRA,Vandexafil Ultra Dietary Supplement 60 Caps,,PCS,89.95,,,,XO,S,,VANDERXAFIL ULTRA MALE ENHANCEMENT COMPLEX 60CAPS,,,NUTRANORTH,XONUT1330MIS,1330 FEWSTER DR,,MISSISSAUGA,ON,CA,L4W 1A4,,IMS OF WESTERN NY,16-131314301,2540 WALDEN AVE,SUITE 450,BUFFALO,NY,US,14225,,IMS OF WESTERN NY,16-131314301,2540 WALDEN AVE,SUITE 450,BUFFALO,NY,US,14225,2106.90.9898,,1,KG,,,,,,,,,,,,,,,,,,,,,,,,,,,,,,,,,,,,,,,,,,,,
MO-VandexVigor,MO-VANDEXVIGOR,Vandexafil Vigor Dietary Supplement 60 Caps,,PCS,89.95,,,,XO,S,,VANDERAXFIL VIGOR  TESTOSTERONE SUPPORT 60CAPS,,,NUTRANORTH,XONUT1330MIS,1330 FEWSTER DR,,MISSISSAUGA,ON,CA,L4W 1A4,,IMS OF WESTERN NY,16-131314301,2540 WALDEN AVE,SUITE 450,BUFFALO,NY,US,14225,,IMS OF WESTERN NY,16-131314301,2540 WALDEN AVE,SUITE 450,BUFFALO,NY,US,14225,2106.90.9898,,1,KG,,,,,,,,,,,,,,,,,,,,,,,,,,,,,,,,,,,,,,,,,,,,
MO-VianAdvanceBlend,MO-VIANADVANCEBLEND,Viantis Advance Blend,,PCS,89.95,,,,XO,S,,VIANTIS ADVANCED BLEND DIETARY SUPPLEMENT 60 CAPS,,,NUTRANORTH,XONUT1330MIS,1330 FEWSTER DR,,MISSISSAUGA,ON,CA,L4W 1A4,,IMS OF WESTERN NY,16-131314301,2540 WALDEN AVE,SUITE 450,BUFFALO,NY,US,14225,,IMS OF WESTERN NY,16-131314301,2540 WALDEN AVE,SUITE 450,BUFFALO,NY,US,14225,2106.90.9898,,1,KG,,,,,,,,,,,,,,,,,,,,,,,,,,,,,,,,,,,,,,,,,,,,
MO-VianControlMax,MO-VIANCONTROLMA,Viantis Control Max,,PCS,89.95,,,,XO,S,,VIANTIS CONTROL MAX DIETARY SUPPLEMENT 60 CAPS,,,NUTRANORTH,XONUT1330MIS,1330 FEWSTER DR,,MISSISSAUGA,ON,CA,L4W 1A4,,IMS OF WESTERN NY,16-131314301,2540 WALDEN AVE,SUITE 450,BUFFALO,NY,US,14225,,IMS OF WESTERN NY,16-131314301,2540 WALDEN AVE,SUITE 450,BUFFALO,NY,US,14225,2106.90.9898,,1,KG,,,,,,,,,,,,,,,,,,,,,,,,,,,,,,,,,,,,,,,,,,,,
MO-ZTCoffee,MO-ZTCoffee,GREEN COFFEE ZT DIETARY SUPPLEMENT 60 CAPS,,PCS,89.95,,,,XO,S,,MO-ZTCOFFEE GREEN COFFEE ZT DIETARY SUPPLEMENT 60 CAPS,,,NUTRANORTH,XONUT1330MIS,1330 FEWSTER DR,,MISSISSAUGA,ON,CA,L4W 1A4,,IMS OF WESTERN NY,16-131314301,2540 WALDEN AVE,SUITE 450,BUFFALO,NY,US,14225,,IMS OF WESTERN NY,16-131314301,2540 WALDEN AVE,SUITE 450,BUFFALO,NY,US,14225,2106.90.9898,,1,KG,,,,,,,,,,,,,,,,,,,,,,,,,,,,,,,,,,,,,,,,,,,,
MO-ZTGarcinia,MO-ZTGarcinia,GARCINIA CAMBOGIA ZT DIETARY SUPPLEMENT 60 CAP,,PCS,89.95,,,,XO,S,,MO-ZTGARCINIA GARCINIA CAMBOGIA ZT DIETARY SUPPLEMENT 60 CAP,,,NUTRANORTH,XONUT1330MIS,1330 FEWSTER DR,,MISSISSAUGA,ON,CA,L4W 1A4,,IMS OF WESTERN NY,16-131314301,2540 WALDEN AVE,SUITE 450,BUFFALO,NY,US,14225,,IMS OF WESTERN NY,16-131314301,2540 WALDEN AVE,SUITE 450,BUFFALO,NY,US,14225,2106.90.9898,,1,KG,,,,,,,,,,,,,,,,,,,,,,,,,,,,,,,,,,,,,,,,,,,,
NEL-USCLEANSE,NEL-USCLEANSE,Vinyasa Cleanse 60 caps - US,,PCS,89.95,,,,XO,S,,VINYASA CLEANSE 60 CAPS,,,NUTRANORTH,XONUT1330MIS,1330 FEWSTER DR,,MISSISSAUGA,ON,CA,L4W 1A4,,IMS OF WESTERN NY,16-131314301,2540 WALDEN AVE,SUITE 450,BUFFALO,NY,US,14225,,IMS OF WESTERN NY,16-131314301,2540 WALDEN AVE,SUITE 450,BUFFALO,NY,US,14225,2106.90.9898,,1,KG,,,,,,,,,,,,,,,,,,,,,,,,,,,,,,,,,,,,,,,,,,,,
NEL-USKETO,NEL-USKETO,Keto Life 60 Caps - US,,PCS,89.95,,,,XO,S,,KETO LIFE 60 CAPS,,,NUTRANORTH,XONUT1330MIS,1330 FEWSTER DR,,MISSISSAUGA,ON,CA,L4W 1A4,,IMS OF WESTERN NY,16-131314301,2540 WALDEN AVE,SUITE 450,BUFFALO,NY,US,14225,,IMS OF WESTERN NY,16-131314301,2540 WALDEN AVE,SUITE 450,BUFFALO,NY,US,14225,2106.90.9898,,1,KG,,,,,,,,,,,,,,,,,,,,,,,,,,,,,,,,,,,,,,,,,,,,
OHP-AgeDefyClear,OHP-AGEDEFYCLEAR,Age Defy Clear Bottles 1 fl oz,,PCS,89.97,,,,US,,,BIODERM AGE DEFY RX ANTI WRINKLE SERUM 30ML 1 FL OZ,,,CELMARK INTERNATIONAL,USCELINT2600ORL,2600 TITAN ROW,,ORLANDO,FL,US,32809,,IMS OF WESTERN NY,16-131314301,2540 WALDEN AVE,SUITE 450,BUFFALO,NY,US,14225,,IMS OF WESTERN NY,16-131314301,2540 WALDEN AVE,SUITE 450,BUFFALO,NY,US,14225,9101.00.1098,,1,KG,,,,,,,,,,,,,,,,,,,,,,,,,,,,,,,,,,,,,,,,,,,,
OHP-EyeVirtue,OHP-EYEVIRTUE,Eye Virtue - 15 ml,,PCS,27,,,,US,,,BIODERMRX EYE VIRTUE - EYE COMPLEX  15 ML,,,PRIVATE LABELS SKIN,USPRILAB7205SAI,7205 30TH AVE N,,SAINT PETERSBURG,FL,US,33710,,IMS OF WESTERN NY,16-131314301,2540 WALDEN AVE,SUITE 450,BUFFALO,NY,US,14225,,IMS OF WESTERN NY,16-131314301,2540 WALDEN AVE,SUITE 450,BUFFALO,NY,US,14225,9101.00.1098,,1,KG,,,,,,,,,,,,,,,,,,,,,,,,,,,,,,,,,,,,,,,,,,,,
OHP-FRSKLN-US,OHP-FRSKLN-US,US SF180 Forskolin - 30 caps,,PCS,89.95,,,,XO,S,,SF180 FORSKOLIN - DIETARY SUPPLEMENT 30 CAPS,,,NUTRANORTH,XONUT1330MIS,1330 FEWSTER DR,,MISSISSAUGA,ON,CA,L4W 1A4,,IMS OF WESTERN NY,16-131314301,2540 WALDEN AVE,SUITE 450,BUFFALO,NY,US,14225,,IMS OF WESTERN NY,16-131314301,2540 WALDEN AVE,SUITE 450,BUFFALO,NY,US,14225,2106.90.9898,,1,KG,,,,,,,,,,,,,,,,,,,,,,,,,,,,,,,,,,,,,,,,,,,,
OHP-GW-InstaLift,OHP-Instalift     ,Instalift 0.5 fl oz,,PCS,89.97,,,,US,,,OHP-INSTALIFT BIODERM RX INSTA-LIFT 90 SECOND WRINKLE REDUCER  20ML,,,CELMARK INTERNATIONAL,USCELINT2600ORL,2600 TITAN ROW,,ORLANDO,FL,US,32809,,IMS OF WESTERN NY,16-131314301,2540 WALDEN AVE,SUITE 450,BUFFALO,NY,US,14225,,IMS OF WESTERN NY,16-131314301,2540 WALDEN AVE,SUITE 450,BUFFALO,NY,US,14225,9101.00.1098,,1,KG,,,,,,,,,,,,,,,,,,,,,,,,,,,,,,,,,,,,,,,,,,,,
OHP-KETO-US-M,OHP-KETO-US-M,SF180 Keto 60 Caps,,PCS,89.95,,,,XO,S,,SF180 KETO 60 CAPS,,,NUTRANORTH,XONUT1330MIS,1330 FEWSTER DR,,MISSISSAUGA,ON,CA,L4W 1A4,,IMS OF WESTERN NY,16-131314301,2540 WALDEN AVE,SUITE 450,BUFFALO,NY,US,14225,,IMS OF WESTERN NY,16-131314301,2540 WALDEN AVE,SUITE 450,BUFFALO,NY,US,14225,2106.90.9898,,1,KG,,,,,,,,,,,,,,,,,,,,,,,,,,,,,,,,,,,,,,,,,,,,
OHP-LASHSERUM,OHP-LASHSERUM,BioDermRX Lash Serum,,PCS,27,,,,US,,,BIODERMRX LASH SERUM,,,PRIVATE LABELS SKIN,USPRILAB7205SAI,7205 30TH AVE N,,SAINT PETERSBURG,FL,US,33710,,IMS OF WESTERN NY,16-131314301,2540 WALDEN AVE,SUITE 450,BUFFALO,NY,US,14225,,IMS OF WESTERN NY,16-131314301,2540 WALDEN AVE,SUITE 450,BUFFALO,NY,US,14225,9101.00.1098,,1,KG,,,,,,,,,,,,,,,,,,,,,,,,,,,,,,,,,,,,,,,,,,,,
OHP-LipPlumper,OHP-LIPPLUMPER,BioDermRX Lip Plumper 0.17 oz,,PCS,35.97,,,,US,,,BIODERMRX LIP PLUMPER 5ML .17OZ,,,EVORA WORLDWIDE,USEVOWOR1120SAI,11201 CORPORATE CR,,SAINT PETERSBURG,FL,US,33716,,IMS OF WESTERN NY,16-131314301,2540 WALDEN AVE,SUITE 450,BUFFALO,NY,US,14225,,IMS OF WESTERN NY,16-131314301,2540 WALDEN AVE,SUITE 450,BUFFALO,NY,US,14225,9101.00.1098,,1,KG,,,,,,,,,,,,,,,,,,,,,,,,,,,,,,,,,,,,,,,,,,,,
OHP-NN-Brain,OHP-NN-BRAIN,US SF180 Brain - 60 caps,,PCS,89.95,,,,XO,S,,US SF 180 BRAIN - 60 CAPS,,,NUTRANORTH,XONUT1330MIS,1330 FEWSTER DR,,MISSISSAUGA,ON,CA,L4W 1A4,,IMS OF WESTERN NY,16-131314301,2540 WALDEN AVE,SUITE 450,BUFFALO,NY,US,14225,,IMS OF WESTERN NY,16-131314301,2540 WALDEN AVE,SUITE 450,BUFFALO,NY,US,14225,2106.90.9898,,1,KG,,,,,,,,,,,,,,,,,,,,,,,,,,,,,,,,,,,,,,,,,,,,
OHP-NN-Cleanse,OHP-NN-CLEANSE,SF180 Cleanse - 60 caps,,PCS,89.95,,,,XO,S,,SF180 CLEANSE - 60 CAPS,,,NUTRANORTH,XONUT1330MIS,1330 FEWSTER DR,,MISSISSAUGA,ON,CA,L4W 1A4,,IMS OF WESTERN NY,16-131314301,2540 WALDEN AVE,SUITE 450,BUFFALO,NY,US,14225,,IMS OF WESTERN NY,16-131314301,2540 WALDEN AVE,SUITE 450,BUFFALO,NY,US,14225,2106.90.9898,,1,KG,,,,,,,,,,,,,,,,,,,,,,,,,,,,,,,,,,,,,,,,,,,,
OHP-NN-Energy,OHP-NN-ENERGY,US SF180 Energy - 60 caps,,PCS,89.95,,,,XO,S,,US SF 180 ENERGY - 60 CAPS,,,NUTRANORTH,XONUT1330MIS,1330 FEWSTER DR,,MISSISSAUGA,ON,CA,L4W 1A4,,IMS OF WESTERN NY,16-131314301,2540 WALDEN AVE,SUITE 450,BUFFALO,NY,US,14225,,IMS OF WESTERN NY,16-131314301,2540 WALDEN AVE,SUITE 450,BUFFALO,NY,US,14225,2106.90.9898,,1,KG,,,,,,,,,,,,,,,,,,,,,,,,,,,,,,,,,,,,,,,,,,,,
OHP-NN-GreenCoffee,OHP-NN-GREENCOFFEE,US SF180 Green Coffee - 60 caps,,PCS,89.95,,,,XO,S,,US SF180 GREEN COFFEE - 60 CAPS,,,NUTRANORTH,XONUT1330MIS,1330 FEWSTER DR,,MISSISSAUGA,ON,CA,L4W 1A4,,IMS OF WESTERN NY,16-131314301,2540 WALDEN AVE,SUITE 450,BUFFALO,NY,US,14225,,IMS OF WESTERN NY,16-131314301,2540 WALDEN AVE,SUITE 450,BUFFALO,NY,US,14225,2106.90.9898,,1,KG,,,,,,,,,,,,,,,,,,,,,,,,,,,,,,,,,,,,,,,,,,,,
OHP-NN-Sleep,OHP-NN-SLEEP,US SF180 Sleep - 45 caps,,PCS,89.95,,,,XO,S,,US SF180 SLEEP - 45 CAPS,,,NUTRANORTH,XONUT1330MIS,1330 FEWSTER DR,,MISSISSAUGA,ON,CA,L4W 1A4,,IMS OF WESTERN NY,16-131314301,2540 WALDEN AVE,SUITE 450,BUFFALO,NY,US,14225,,IMS OF WESTERN NY,16-131314301,2540 WALDEN AVE,SUITE 450,BUFFALO,NY,US,14225,2106.90.9898,,1,KG,,,,,,,,,,,,,,,,,,,,,,,,,,,,,,,,,,,,,,,,,,,,
OHP-SF180-US,OHP-SF180-US,SlimFit180 Garcinia (US),,PCS,89.95,,,,XO,S,,SLIMFIT180 GARCINIA CAMBOGIA DIETARY SUPPLEMENT CAPSULES 60 CAPS,,,NUTRANORTH,XONUT1330MIS,1330 FEWSTER DR,,MISSISSAUGA,ON,CA,L4W 1A4,,IMS OF WESTERN NY,16-131314301,2540 WALDEN AVE,SUITE 450,BUFFALO,NY,US,14225,,IMS OF WESTERN NY,16-131314301,2540 WALDEN AVE,SUITE 450,BUFFALO,NY,US,14225,2106.90.9898,,1,KG,,,,,,,,,,,,,,,,,,,,,,,,,,,,,,,,,,,,,,,,,,,,
OHP-SF180-US,OHP-SF180-US,SlimFit 180 Garcinia (CAN),,PCS,89.95,,,,XO,S,,SLIMFIT180 GARCINIA CAMBOGIA DIETARY SUPPLEMENT CAPSULES 60 CAPS,,,NUTRANORTH,XONUT1330MIS,1330 FEWSTER DR,,MISSISSAUGA,ON,CA,L4W 1A4,,IMS OF WESTERN NY,16-131314301,2540 WALDEN AVE,SUITE 450,BUFFALO,NY,US,14225,,IMS OF WESTERN NY,16-131314301,2540 WALDEN AVE,SUITE 450,BUFFALO,NY,US,14225,2106.90.9898,,1,KG,,,,,,,,,,,,,,,,,,,,,,,,,,,,,,,,,,,,,,,,,,,,
OHP-SkinBliss,OHP-SKINBLISS,Skin Bliss Ageless Complex - 30 ml,,PCS,35.97,,,,US,,,BIODERMRX SKIN BLISS - AGELESS COMPLEX 30 ML,,,PRIVATE LABELS SKIN,USPRILAB7205SAI,7205 30TH AVE N,,SAINT PETERSBURG,FL,US,33710,,IMS OF WESTERN NY,16-131314301,2540 WALDEN AVE,SUITE 450,BUFFALO,NY,US,14225,,IMS OF WESTERN NY,16-131314301,2540 WALDEN AVE,SUITE 450,BUFFALO,NY,US,14225,9101.00.1098,,1,KG,,,,,,,,,,,,,,,,,,,,,,,,,,,,,,,,,,,,,,,,,,,,
OHP-STRESS-US,OHP-STRESS-US,US SF180 Stress - 60 caps,,PCS,89.95,,,,XO,S,,SF180 STRESS & ANXIETY  DIETARY SUPPLEMENT 60 CAPS,,,NUTRANORTH,XONUT1330MIS,1330 FEWSTER DR,,MISSISSAUGA,ON,CA,L4W 1A4,,IMS OF WESTERN NY,16-131314301,2540 WALDEN AVE,SUITE 450,BUFFALO,NY,US,14225,,IMS OF WESTERN NY,16-131314301,2540 WALDEN AVE,SUITE 450,BUFFALO,NY,US,14225,2106.90.9898,,1,KG,,,,,,,,,,,,,,,,,,,,,,,,,,,,,,,,,,,,,,,,,,,,
OMS-ADVCLEANSE,OMS-ADVCLEANSE,Advance Ketones Cleanse 60 caps,,PCS,89.95,,,,XO,S,,ADVANCE KETONES CLEANSE 60 CAPS,,,NUTRANORTH,XONUT1330MIS,1330 FEWSTER DR,,MISSISSAUGA,ON,CA,L4W 1A4,,IMS OF WESTERN NY,16-131314301,2540 WALDEN AVE,SUITE 450,BUFFALO,NY,US,14225,,IMS OF WESTERN NY,16-131314301,2540 WALDEN AVE,SUITE 450,BUFFALO,NY,US,14225,2106.90.9898,,1,KG,,,,,,,,,,,,,,,,,,,,,,,,,,,,,,,,,,,,,,,,,,,,
OMS-ADVKETO,OMS-ADVKETO,Advance Ketones 60 Capsules,,PCS,89.95,,,,XO,S,,ADVANCE KETONES 60 CAPSULES,,,NUTRANORTH,XONUT1330MIS,1330 FEWSTER DR,,MISSISSAUGA,ON,CA,L4W 1A4,,IMS OF WESTERN NY,16-131314301,2540 WALDEN AVE,SUITE 450,BUFFALO,NY,US,14225,,IMS OF WESTERN NY,16-131314301,2540 WALDEN AVE,SUITE 450,BUFFALO,NY,US,14225,2106.90.9898,,1,KG,,,,,,,,,,,,,,,,,,,,,,,,,,,,,,,,,,,,,,,,,,,,
OMS-KIGNITECLEANSE,OMS-KIGNITECLEANSE,Keto Ignite Cleanse 60 Caps,,PCS,89.95,,,,XO,S,,KETO IGNITE CLEANSE 60 CAPS DIETARY SUPPLEMENT,,,NUTRANORTH,XONUT1330MIS,1330 FEWSTER DR,,MISSISSAUGA,ON,CA,L4W 1A4,,IMS OF WESTERN NY,16-131314301,2540 WALDEN AVE,SUITE 450,BUFFALO,NY,US,14225,,IMS OF WESTERN NY,16-131314301,2540 WALDEN AVE,SUITE 450,BUFFALO,NY,US,14225,2106.90.9898,,1,KG,,,,,,,,,,,,,,,,,,,,,,,,,,,,,,,,,,,,,,,,,,,,
OMS-KIGNITEKETO,OMS-KIGNITEKETO,Keto Ignite Supplement 60 Caps,,PCS,89.95,,,,XO,S,,KETO IGNITE SUPPLEMENT 60 CAPS,,,NUTRANORTH,XONUT1330MIS,1330 FEWSTER DR,,MISSISSAUGA,ON,CA,L4W 1A4,,IMS OF WESTERN NY,16-131314301,2540 WALDEN AVE,SUITE 450,BUFFALO,NY,US,14225,,IMS OF WESTERN NY,16-131314301,2540 WALDEN AVE,SUITE 450,BUFFALO,NY,US,14225,2106.90.9898,,1,KG,,,,,,,,,,,,,,,,,,,,,,,,,,,,,,,,,,,,,,,,,,,,
OMS-LBEYE,OMS-LBEYE,Bella Revival Anti-Aging Face Moisturizer 1 oz,,PCS,89.97,,,,US,,,LA BELLA EYE REJUVENATION SERUM 0.5 OZ,,,EVORA WORLDWIDE,USEVOWOR1120SAI,11201 CORPORATE CR,,SAINT PETERSBURG,FL,US,33716,,IMS OF WESTERN NY,16-131314301,2540 WALDEN AVE,SUITE 450,BUFFALO,NY,US,14225,,IMS OF WESTERN NY,16-131314301,2540 WALDEN AVE,SUITE 450,BUFFALO,NY,US,14225,9101.00.1098,,1,KG,,,,,,,,,,,,,,,,,,,,,,,,,,,,,,,,,,,,,,,,,,,,
OMS-LBFACE,OMS-LBFACE,Bella Revival Eye Rejuvenation Serum 0.5 oz,,PCS,89.97,,,,US,,,LA BELLA ANTI-AGING FACE MOISTURIZER 1 OZ,,,EVORA WORLDWIDE,USEVOWOR1120SAI,11201 CORPORATE CR,,SAINT PETERSBURG,FL,US,33716,,IMS OF WESTERN NY,16-131314301,2540 WALDEN AVE,SUITE 450,BUFFALO,NY,US,14225,,IMS OF WESTERN NY,16-131314301,2540 WALDEN AVE,SUITE 450,BUFFALO,NY,US,14225,9101.00.1098,,1,KG,,,,,,,,,,,,,,,,,,,,,,,,,,,,,,,,,,,,,,,,,,,,
OMS-RAEYE,OMS-RAEYE,Rejuve Allure Anti-Aging Eye Revitalizer 15 ml,,PCS,35.97,,,,US,,,REJUVE ALLURE ANTI-AGING EYE REVITALIZER 15 ML,,,PRIVATE LABELS SKIN,USPRILAB7205SAI,7205 30TH AVE N,,SAINT PETERSBURG,FL,US,33710,,IMS OF WESTERN NY,16-131314301,2540 WALDEN AVE,SUITE 450,BUFFALO,NY,US,14225,,IMS OF WESTERN NY,16-131314301,2540 WALDEN AVE,SUITE 450,BUFFALO,NY,US,14225,9101.00.1098,,1,KG,,,,,,,,,,,,,,,,,,,,,,,,,,,,,,,,,,,,,,,,,,,,
OMS-RAFACE,OMS-RAFACE,Rejuve Allure Anti-Aging Face Moisturizer 30 ml,,PCS,35.97,,,,US,,,REJUVE ALLURE ANTI-AGING FACE MOISTURIZER 30 ML,,,PRIVATE LABELS SKIN,USPRILAB7205SAI,7205 30TH AVE N,,SAINT PETERSBURG,FL,US,33710,,IMS OF WESTERN NY,16-131314301,2540 WALDEN AVE,SUITE 450,BUFFALO,NY,US,14225,,IMS OF WESTERN NY,16-131314301,2540 WALDEN AVE,SUITE 450,BUFFALO,NY,US,14225,9101.00.1098,,1,KG,,,,,,,,,,,,,,,,,,,,,,,,,,,,,,,,,,,,,,,,,,,,
RZ-UVA-2000-VH4,RZ-UVA-2000-VH4,Pura air Air Purification system,,PCS,299,,,,CN,,,PURA AIR AIR PURIFICATION SYSTEM,,,RENOWNUV ELECTRIC CO LTD         ,CNRENELE7CHO,F7 C6 BLDG SHUGUANG INDL PK,GANG'AN 2ND RD,CHONGQING,,CN,400026,,IMS OF WESTERN NY,16-131314301,2540 WALDEN AVE,SUITE 450,BUFFALO,NY,US,14225,,IMS OF WESTERN NY,16-131314301,2540 WALDEN AVE,SUITE 450,BUFFALO,NY,US,14225,8421.39.8015,,1,KG,,,,,,,,,,,,,,,,,,,,,,,,,,,,,,,,,,,,,,,,,,,,
SL-Cleanse,SL-CLEANSE,,,PCS,89.95,,,,XO,S,,COLOFIT DETOX - COLON CLEANSE DIETARY SUPPLEMENT 60 CAPS,,,NUTRANORTH,XONUT1330MIS,1330 FEWSTER DR,,MISSISSAUGA,ON,CA,L4W 1A4,,IMS OF WESTERN NY,16-131314301,2540 WALDEN AVE,SUITE 450,BUFFALO,NY,US,14225,,IMS OF WESTERN NY,16-131314301,2540 WALDEN AVE,SUITE 450,BUFFALO,NY,US,14225,2106.90.9898,,1,KG,,,,,,,,,,,,,,,,,,,,,,,,,,,,,,,,,,,,,,,,,,,,
SL-Garcinia,SL-GARCINIA,,,PCS,23.97,,,,XO,S,,MAXFIT GARCINIA WITH B12 DIETARY SUPPLEMENT 60 CAPS,,,NUTRANORTH,XONUT1330MIS,1330 FEWSTER DR,,MISSISSAUGA,ON,CA,L4W 1A4,,IMS OF WESTERN NY,16-131314301,2540 WALDEN AVE,SUITE 450,BUFFALO,NY,US,14225,,IMS OF WESTERN NY,16-131314301,2540 WALDEN AVE,SUITE 450,BUFFALO,NY,US,14225,2106.90.9898,,1,KG,,,,,,,,,,,,,,,,,,,,,,,,,,,,,,,,,,,,,,,,,,,,
SL-KETOEV,SL-KETOEV,,,PCS,89.95,,,,XO,S,,KETO EVOLVE 60 CAPS  DIETARY SUPPLEMENT,,,NUTRANORTH,XONUT1330MIS,1330 FEWSTER DR,,MISSISSAUGA,ON,CA,L4W 1A4,,IMS OF WESTERN NY,16-131314301,2540 WALDEN AVE,SUITE 450,BUFFALO,NY,US,14225,,IMS OF WESTERN NY,16-131314301,2540 WALDEN AVE,SUITE 450,BUFFALO,NY,US,14225,2106.90.9898,,1,KG,,,,,,,,,,,,,,,,,,,,,,,,,,,,,,,,,,,,,,,,,,,,
SL-KETOREFL,SL-KETOREFL,,,PCS,89.95,,,,XO,S,,KETO REFLECTION 60 CAPS  DIETARY SUPPLEMENT,,,NUTRANORTH,XONUT1330MIS,1330 FEWSTER DR,,MISSISSAUGA,ON,CA,L4W 1A4,,IMS OF WESTERN NY,16-131314301,2540 WALDEN AVE,SUITE 450,BUFFALO,NY,US,14225,,IMS OF WESTERN NY,16-131314301,2540 WALDEN AVE,SUITE 450,BUFFALO,NY,US,14225,2106.90.9898,,1,KG,,,,,,,,,,,,,,,,,,,,,,,,,,,,,,,,,,,,,,,,,,,,
SL-KETORUS,SL-KETORUS,,,PCS,89.95,,,,XO,S,,KETO RUSH 60 CAPS  DIETARY SUPPLEMENT,,,NUTRANORTH,XONUT1330MIS,1330 FEWSTER DR,,MISSISSAUGA,ON,CA,L4W 1A4,,IMS OF WESTERN NY,16-131314301,2540 WALDEN AVE,SUITE 450,BUFFALO,NY,US,14225,,IMS OF WESTERN NY,16-131314301,2540 WALDEN AVE,SUITE 450,BUFFALO,NY,US,14225,2106.90.9898,,1,KG,,,,,,,,,,,,,,,,,,,,,,,,,,,,,,,,,,,,,,,,,,,,
SL-KETOTHRI,SL-KETOTHRI,,,PCS,89.95,,,,XO,S,,THRIVE KETO 60 CAPS  DIETARY SUPPLEMENTS,,,NUTRANORTH,XONUT1330MIS,1330 FEWSTER DR,,MISSISSAUGA,ON,CA,L4W 1A4,,IMS OF WESTERN NY,16-131314301,2540 WALDEN AVE,SUITE 450,BUFFALO,NY,US,14225,,IMS OF WESTERN NY,16-131314301,2540 WALDEN AVE,SUITE 450,BUFFALO,NY,US,14225,2106.90.9898,,1,KG,,,,,,,,,,,,,,,,,,,,,,,,,,,,,,,,,,,,,,,,,,,,
SL-MCEV,SL-MCEV,,,PCS,89.95,,,,XO,S,,MANGO CLEANSE EVOLVE 60 CAPS DIETARY SUPPLEMENT,,,NUTRANORTH,XONUT1330MIS,1330 FEWSTER DR,,MISSISSAUGA,ON,CA,L4W 1A4,,IMS OF WESTERN NY,16-131314301,2540 WALDEN AVE,SUITE 450,BUFFALO,NY,US,14225,,IMS OF WESTERN NY,16-131314301,2540 WALDEN AVE,SUITE 450,BUFFALO,NY,US,14225,2106.90.9898,,1,KG,,,,,,,,,,,,,,,,,,,,,,,,,,,,,,,,,,,,,,,,,,,,
SML-CLEARMOIS,SML-CLEARMOIS,Crystal Clear Revitilizing Moisturizer - 30 ml,,PCS,35.97,,,,US,,,CRYSTAL CLEAR REVITILIZING MOISTURIZER - 30 ML,,,PRIVATE LABELS SKIN,USPRILAB7205SAI,7205 30TH AVE N,,SAINT PETERSBURG,FL,US,33710,,IMS OF WESTERN NY,16-131314301,2540 WALDEN AVE,SUITE 450,BUFFALO,NY,US,14225,,IMS OF WESTERN NY,16-131314301,2540 WALDEN AVE,SUITE 450,BUFFALO,NY,US,14225,9101.00.1098,,1,KG,,,,,,,,,,,,,,,,,,,,,,,,,,,,,,,,,,,,,,,,,,,,
SML-CLEARREJU,SML-CLEARREJU,Crystal Clear Rejuvenating Facial Serum - 30 ml,,PCS,89.97,,,,US,,,CRYSTAL CLEAR REJUVENATING FACIAL SERUM - 30 ML,,,PRIVATE LABELS SKIN,USPRILAB7205SAI,7205 30TH AVE N,,SAINT PETERSBURG,FL,US,33710,,IMS OF WESTERN NY,16-131314301,2540 WALDEN AVE,SUITE 450,BUFFALO,NY,US,14225,,IMS OF WESTERN NY,16-131314301,2540 WALDEN AVE,SUITE 450,BUFFALO,NY,US,14225,9101.00.1098,,1,KG,,,,,,,,,,,,,,,,,,,,,,,,,,,,,,,,,,,,,,,,,,,,
SML-CLEARSER,SML-CLEARSER,Crystal Clear Ageless Eye Revitilizer - 15 ml,,PCS,35.97,,,,US,,,CRYSTAL CLEAR AGELESS EYE REVITILIZER - 15 ML,,,PRIVATE LABELS SKIN,USPRILAB7205SAI,7205 30TH AVE N,,SAINT PETERSBURG,FL,US,33710,,IMS OF WESTERN NY,16-131314301,2540 WALDEN AVE,SUITE 450,BUFFALO,NY,US,14225,,IMS OF WESTERN NY,16-131314301,2540 WALDEN AVE,SUITE 450,BUFFALO,NY,US,14225,9101.00.1098,,1,KG,,,,,,,,,,,,,,,,,,,,,,,,,,,,,,,,,,,,,,,,,,,,
SML-NATUREFOR,SML-NATUREFOR,,,PCS,89.95,,,,XO,S,,NATURE BLEND FORSKOLIN - 30 CAPS - DIETARY SUPPLEMENT 30 CAPS,,,NUTRANORTH,XONUT1330MIS,1330 FEWSTER DR,,MISSISSAUGA,ON,CA,L4W 1A4,,IMS OF WESTERN NY,16-131314301,2540 WALDEN AVE,SUITE 450,BUFFALO,NY,US,14225,,IMS OF WESTERN NY,16-131314301,2540 WALDEN AVE,SUITE 450,BUFFALO,NY,US,14225,2106.90.9898,,1,KG,,,,,,,,,,,,,,,,,,,,,,,,,,,,,,,,,,,,,,,,,,,,
SML-NATUREKE,SML-NATUREKE,,,PCS,89.95,,,,XO,S,,NATURE BLEND KETO - 60 CAPS  DIETARY SUPPLEMENT 60 CAPS,,,NUTRANORTH,XONUT1330MIS,1330 FEWSTER DR,,MISSISSAUGA,ON,CA,L4W 1A4,,IMS OF WESTERN NY,16-131314301,2540 WALDEN AVE,SUITE 450,BUFFALO,NY,US,14225,,IMS OF WESTERN NY,16-131314301,2540 WALDEN AVE,SUITE 450,BUFFALO,NY,US,14225,2106.90.9898,,1,KG,,,,,,,,,,,,,,,,,,,,,,,,,,,,,,,,,,,,,,,,,,,,
SML-NATUREMAN,SML-NATUREMAN,,,PCS,89.95,,,,XO,S,,NATURE BLEND AFRICAN MANGO CLEANSE - 60 CAPS,,,NUTRANORTH,XONUT1330MIS,1330 FEWSTER DR,,MISSISSAUGA,ON,CA,L4W 1A4,,IMS OF WESTERN NY,16-131314301,2540 WALDEN AVE,SUITE 450,BUFFALO,NY,US,14225,,IMS OF WESTERN NY,16-131314301,2540 WALDEN AVE,SUITE 450,BUFFALO,NY,US,14225,2106.90.9898,,1,KG,,,,,,,,,,,,,,,,,,,,,,,,,,,,,,,,,,,,,,,,,,,,
TN-USTevida,TN-USTEVIDA,Tevida 60 caps - US,,PCS,89.95,,,,XO,S,,TEVIDA 60 CAPS,,,NUTRANORTH,XONUT1330MIS,1330 FEWSTER DR,,MISSISSAUGA,ON,CA,L4W 1A4,,IMS OF WESTERN NY,16-131314301,2540 WALDEN AVE,SUITE 450,BUFFALO,NY,US,14225,,IMS OF WESTERN NY,16-131314301,2540 WALDEN AVE,SUITE 450,BUFFALO,NY,US,14225,2106.90.9898,,1,KG,,,,,,,,,,,,,,,,,,,,,,,,,,,,,,,,,,,,,,,,,,,,
TN-USVascularX,TN-USVASCULARX,Vascular X 60 caps - US,,PCS,89.95,,,,XO,S,,VASCULAR X 60 CAPS - US,,,NUTRANORTH,XONUT1330MIS,1330 FEWSTER DR,,MISSISSAUGA,ON,CA,L4W 1A4,,IMS OF WESTERN NY,16-131314301,2540 WALDEN AVE,SUITE 450,BUFFALO,NY,US,14225,,IMS OF WESTERN NY,16-131314301,2540 WALDEN AVE,SUITE 450,BUFFALO,NY,US,14225,2106.90.9898,,1,KG,,,,,,,,,,,,,,,,,,,,,,,,,,,,,,,,,,,,,,,,,,,,
VITRAXYN-MALE,VITRAXYN-MALE,Vitraxyn Male Enhacement Complex - 60 caps,,PCS,33,,,,XO,S,,VEROCITY MENS HEALTH DIETARY SUPP  60 CAPS,,,NUTRANORTH,XONUT1330MIS,1330 FEWSTER DR,,MISSISSAUGA,ON,CA,L4W 1A4,,IMS OF WESTERN NY,16-131314301,2540 WALDEN AVE,SUITE 450,BUFFALO,NY,US,14225,,IMS OF WESTERN NY,16-131314301,2540 WALDEN AVE,SUITE 450,BUFFALO,NY,US,14225,2106.90.9898,,1,KG,,,,,,,,,,,,,,,,,,,,,,,,,,,,,,,,,,,,,,,,,,,,
VITRAXYN-NITRICOX,VITRAXYN-NITRICOX,Vitraxyn Nitric Oxide Booster - 60 caps,,PCS,33,,,,XO,S,,VEROCITY TESTO MAX - 60 CAPS   DIETARY SUPPLEMENT,,,NUTRANORTH,XONUT1330MIS,1330 FEWSTER DR,,MISSISSAUGA,ON,CA,L4W 1A4,,IMS OF WESTERN NY,16-131314301,2540 WALDEN AVE,SUITE 450,BUFFALO,NY,US,14225,,IMS OF WESTERN NY,16-131314301,2540 WALDEN AVE,SUITE 450,BUFFALO,NY,US,14225,2106.90.9898,,1,KG,,,,,,,,,,,,,,,,,,,,,,,,,,,,,,,,,,,,,,,,,,,,
VNI-HEMPCAP,VNI-HEMPCAP,Verocity Pure Hemp Max Drops - 30 ml,,PCS,33,,,,US,,,VEROCITY PURE HEMP MAX 60 CAPSULES  DIETARY SUPPLEMENT,,,ION LABS,USIONLAB8031LAR,8031 114TH AVE,,LARGO,FL,US,33773,,IMS OF WESTERN NY,16-131314301,2540 WALDEN AVE,SUITE 450,BUFFALO,NY,US,14225,,IMS OF WESTERN NY,16-131314301,2540 WALDEN AVE,SUITE 450,BUFFALO,NY,US,14225,9101.00.1098,,1,KG,,,,,,,,,,,,,,,,,,,,,,,,,,,,,,,,,,,,,,,,,,,,
VNI-KETOBURN,VNI-KETOBURN,Verocity Keto Burn Max 60 Caps,,PCS,33,,,,US,,,VEROCITY KETO BURN MAX 60 CAPS  DIETARY SUPPLEMENT,,,ION LABS,USIONLAB8031LAR,8031 114TH AVE,,LARGO,FL,US,33773,,IMS OF WESTERN NY,16-131314301,2540 WALDEN AVE,SUITE 450,BUFFALO,NY,US,14225,,IMS OF WESTERN NY,16-131314301,2540 WALDEN AVE,SUITE 450,BUFFALO,NY,US,14225,9101.00.1098,,1,KG,,,,,,,,,,,,,,,,,,,,,,,,,,,,,,,,,,,,,,,,,,,,
VNI-MALE,VNI-MALE,Verocity Men's Health,,PCS,33,,,,XO,S,,VEROCITY MENS HEALTH DIETARY SUPP  60 CAPS,,,NUTRANORTH,XONUT1330MIS,1330 FEWSTER DR,,MISSISSAUGA,ON,CA,L4W 1A4,,IMS OF WESTERN NY,16-131314301,2540 WALDEN AVE,SUITE 450,BUFFALO,NY,US,14225,,IMS OF WESTERN NY,16-131314301,2540 WALDEN AVE,SUITE 450,BUFFALO,NY,US,14225,2106.90.9898,,1,KG,,,,,,,,,,,,,,,,,,,,,,,,,,,,,,,,,,,,,,,,,,,,
VNI-TEST,VNI-TEST,Verocity Testo Max,,PCS,33,,,,XO,S,,VEROCITY TESTO MAX - 60 CAPS   DIETARY SUPPLEMENT,,,NUTRANORTH,XONUT1330MIS,1330 FEWSTER DR,,MISSISSAUGA,ON,CA,L4W 1A4,,IMS OF WESTERN NY,16-131314301,2540 WALDEN AVE,SUITE 450,BUFFALO,NY,US,14225,,IMS OF WESTERN NY,16-131314301,2540 WALDEN AVE,SUITE 450,BUFFALO,NY,US,14225,2106.90.9898,,1,KG,,,,,,,,,,,,,,,,,,,,,,,,,,,,,,,,,,,,,,,,,,,,
BGXNO2,BGXNO2,BioGenX Maximum Strength - 60 caps,,PCS,84.49,,,,XO,S,,BIOGENX MAXIMUM STRENGTH - 60 CAPS,,,NUTRANORTH,XONUT1330MIS,1330 FEWSTER DR,,MISSISSAUGA,ON,CA,L4W 1A4,,IMS OF WESTERN NY,16-131314301,2540 WALDEN AVE,SUITE 450,BUFFALO,NY,US,14225,,IMS OF WESTERN NY,16-131314301,2540 WALDEN AVE,SUITE 450,BUFFALO,NY,US,14225,2106.90.9898,,1,KG,,,,,,,,,,,,,,,,,,,,,,,,,,,,,,,,,,,,,,,,,,,,
BGXTB,BGXTB,BioGenX Advance Male Formula - 60 caps,,PCS,89.97,,,,XO,S,,BIOGENX ADVANCE MALE FORMULA - 60 CAPS,,,NUTRANORTH,XONUT1330MIS,1330 FEWSTER DR,,MISSISSAUGA,ON,CA,L4W 1A4,,IMS OF WESTERN NY,16-131314301,2540 WALDEN AVE,SUITE 450,BUFFALO,NY,US,14225,,IMS OF WESTERN NY,16-131314301,2540 WALDEN AVE,SUITE 450,BUFFALO,NY,US,14225,2106.90.9898,,1,KG,,,,,,,,,,,,,,,,,,,,,,,,,,,,,,,,,,,,,,,,,,,,
BIOTECHNO2,BIOTECHNO2,BioTech Pro Advance Formula - 60 caps,,PCS,84.49,,,,XO,S,,BIOTECH PRO ADVANCE FORMULA - 60 CAPS,,,NUTRANORTH,XONUT1330MIS,1330 FEWSTER DR,,MISSISSAUGA,ON,CA,L4W 1A4,,IMS OF WESTERN NY,16-131314301,2540 WALDEN AVE,SUITE 450,BUFFALO,NY,US,14225,,IMS OF WESTERN NY,16-131314301,2540 WALDEN AVE,SUITE 450,BUFFALO,NY,US,14225,2106.90.9898,,1,KG,,,,,,,,,,,,,,,,,,,,,,,,,,,,,,,,,,,,,,,,,,,,
BIOTECHPTB,BIOTECHPTB,BioTech Pro Advance Male Complex - 60 caps,,PCS,89.97,,,,XO,S,,BIOTECH PRO ADVANCE MALE COMPLEX - 60 CAPS,,,NUTRANORTH,XONUT1330MIS,1330 FEWSTER DR,,MISSISSAUGA,ON,CA,L4W 1A4,,IMS OF WESTERN NY,16-131314301,2540 WALDEN AVE,SUITE 450,BUFFALO,NY,US,14225,,IMS OF WESTERN NY,16-131314301,2540 WALDEN AVE,SUITE 450,BUFFALO,NY,US,14225,2106.90.9898,,1,KG,,,,,,,,,,,,,,,,,,,,,,,,,,,,,,,,,,,,,,,,,,,,
Age Defy - Kit,Age Defy - Kit,Age Defy - Kit,,,NOT SHIPPED,,,,,,,,,,,,,,,,,,,,,,,,,,,,,,,,,,,,,,,,,,,,,,,,,,,,,,,,,,,,,,,,,,,,,,,,,,,,,,,,,,,
BDRx Kit,BDRx Kit,BDRx Kit,,,NOT SHIPPED,,,,,,,,,,,,,,,,,,,,,,,,,,,,,,,,,,,,,,,,,,,,,,,,,,,,,,,,,,,,,,,,,,,,,,,,,,,,,,,,,,,
Tevida ,Tevida ,Tevida ,,,NOT SHIPPED,,,,,,,,,,,,,,,,,,,,,,,,,,,,,,,,,,,,,,,,,,,,,,,,,,,,,,,,,,,,,,,,,,,,,,,,,,,,,,,,,,,
Vascular X,Vascular X,Vascular X,,,NOT SHIPPED,,,,,,,,,,,,,,,,,,,,,,,,,,,,,,,,,,,,,,,,,,,,,,,,,,,,,,,,,,,,,,,,,,,,,,,,,,,,,,,,,,,
Kicking Horse Coffee Unboxing Notecard,Kicking Horse Coffee Unboxing Notecard,Kicking Horse Coffee Unboxing Notecard,,,NOT SHIPPED,,,,,,,,,,,,,,,,,,,,,,,,,,,,,,,,,,,,,,,,,,,,,,,,,,,,,,,,,,,,,,,,,,,,,,,,,,,,,,,,,,,
BDRX Packaging,BDRX Packaging,BDRX Packaging,,,NOT SHIPPED,,,,,,,,,,,,,,,,,,,,,,,,,,,,,,,,,,,,,,,,,,,,,,,,,,,,,,,,,,,,,,,,,,,,,,,,,,,,,,,,,,,
Prostagorx,Prostagorx,Prostagorx,,,NOT SHIPPED,,,,,,,,,,,,,,,,,,,,,,,,,,,,,,,,,,,,,,,,,,,,,,,,,,,,,,,,,,,,,,,,,,,,,,,,,,,,,,,,,,,
 Tevida, Tevida, Tevida,,,NOT SHIPPED,,,,,,,,,,,,,,,,,,,,,,,,,,,,,,,,,,,,,,,,,,,,,,,,,,,,,,,,,,,,,,,,,,,,,,,,,,,,,,,,,,,
